ヌルケリャ	ヌルけりゃ	15		501	-13.3539
ヌカタノ	額田	1290		72	-15.6837
ヌキ	温	11		501	-12.2089
ヌレガミ	ぬれ髪	1285		501	-19.2344
ヌスミミン	盗み見ん	620		501	-13.8069
ヌリタクル	塗りたくる	772		501	-13.4364
ヌリカエ	塗り替え	1285		52	-18.7236
ヌレクズレル	濡れ崩れる	619		501	-18.9412
ヌボコ	瓊矛	1285		501	-18.7236
ヌキカエス	抜き返す	731		501	-17.4749
ヌメリヒカル	滑り光る	772		501	-18.4236
ヌリハダ	塗り肌	1285		501	-18.7236
ヌリワケ	塗り分け	1285		501	-18.7236
ヌケオチリャ	抜け落ちりゃ	618		379	-12.1767
ヌキズリ	抜刷	1285		501	-18.7236
ヌキテ	抜手	1285		501	-18.7236
ヌリイ	緩い	19		304	-17.2858
ヌル		1285		45	-17.8481
ヌマヅシ	沼津市	1293		18	-12.0666
ヌルマッコシ	ぬるまっこし	23		501	-17.9876
ヌギオロス	脱ぎおろす	731		501	-17.4749
ヌキンデヨ	抽んでよ	624		501	-18.6454
ヌスミグイ	盗み食い	1285		155	-15.2812
ヌルカラ	緩から	27		304	-17.6998
ヌゲリャ	脱げりゃ	618		501	-12.6708
ヌイハサム	縫い挟む	762		501	-17.1905
ヌク	ぬく	973		17	-9.9880
ヌルメン	温めん	620		379	-18.0862
ヌレソボト	濡れそぼと	739		501	-15.7460
ヌギステ	脱ぎ捨て	1285		276	-18.7236
ヌキンデレ	擢んでれ	617		501	-18.6466
ヌルユ	ぬる湯	1285		501	-19.2344
ヌグイサレル	拭い去れる	619		501	-18.9412
ヌケウセル	抜け失せる	619		501	-18.6535
ヌードモデル		1288		324	-14.2643
ヌリカエル	塗り変える	619		501	-18.9412
ヌワ	縫わ	823		471	-10.2391
ヌム		1289		501	-16.7429
ヌケアナ	抜穴	1285		501	-18.7236
ヌリタクラ	塗りたくら	780		501	-13.5644
ヌイテ	抜いて	687	307	17	-10.4482
ヌイバリ	縫い針	1285		501	-18.7236
ヌリナオセル	塗り直せる	619		501	-18.6535
ヌケカワル	抜け替わる	772		501	-18.4236
ヌケル	ぬける	619		220	-12.2111
ヌマベリ	沼縁	1285		501	-18.7236
ヌリノコシ	ぬり残し	1285		501	-19.2344
ヌケデロ	抜け出ろ	623		471	-12.9150
ヌカバタラキ	糠働き	1285		501	-18.7236
ヌスミサル	窃み去る	772		501	-18.4236
ヌギャ	脱ぎゃ	722		295	-8.2363
ヌリャ	ぬりゃ	770		297	-11.7059
ヌイアゲン	縫い上げん	620		501	-16.8624
ヌレネズミ	ぬれねずみ	1285		501	-19.2344
ヌリイロ	塗り色	1285		501	-18.7236
ヌタウナギ		1288		218	-14.9417
ヌリカエ	塗り替え	625		52	-11.3014
ヌギミダス	脱ぎ乱す	731		501	-17.4749
ヌイトリ	縫い取り	1285		501	-16.5263
ヌク	溫	1288		501	
ヌカサ	吐かさ	733		501	-15.1624
ヌスミギキ	盗み聴き	1283		501	-18.1494
ヌマタ	努太	1293		501	-17.5467
ヌスミミリャ	盗み見りゃ	618		501	-13.7878
ヌノナプキン	布ナプキン	1288		501	-14.3816
ヌクイ	抜井	1290		501	-15.9239
ヌキトン	抜取ん	782		501	-18.5466
ヌキトレ	抜きとれ	784		501	-17.7581
ヌーメア		1285		37	-15.1568
ヌカゴ	零余子	1291		501	-21.4860
ヌリハダ	塗肌	1285		501	-18.7236
ヌマ	沼	1298		220	-10.7579
ヌペ		1285		501	-17.8481
ヌキトレン	抜き取れん	620		501	-17.8129
ヌレヒラク	濡れ開く	695		501	-14.6770
ヌギステレ	脱ぎ捨てれ	617		379	-12.5449
ヌカセ	ぬかせ	729		501	-12.6138
ヌスミダセ	盗み出せ	729		438	-12.1074
ヌクトカッ	温とかっ	33		501	-18.0067
ヌエ	鵺	1285		74	-14.0329
ヌメカワ	ぬめ革	1285		501	-19.2344
ヌノオムツ	布おむつ	1288		501	-14.7683
ヌキゾメ	抜き染	1285		501	-18.7236
ヌエン	縫えん	620		501	-14.8161
ヌガー		1285		75	-15.0574
ヌキハナテ	抜き放て	736		501	-15.3002
ヌスメ	盗め	622		501	-14.3608
ヌキケレ	温けれ	13		501	-12.0467
ヌケオチ	抜け落ち	1285		155	-18.7236
ヌクトイ	温とい	19		501	-18.5107
ヌル	NULL	1289		45	-12.7025
ヌイカケ	縫いかけ	1285		501	-18.7236
ヌル	ぬる	11		420	-11.5925
ヌスメレ	盗めれ	617		501	-14.3473
ヌイアワシャ	縫い合わしゃ	730		501	-17.0012
ヌリツブシ	塗り潰し	735		242	-13.0880
ヌマタ	沼田	1293		330	-14.2615
ヌキハナツ	抜きはなつ	738		501	-16.7405
ヌリツケレ	塗り付けれ	617		501	-15.5716
ヌリタテル	塗立てる	619		501	-18.6535
ヌッ	ぬっ	1281		155	-13.1018
ヌナカワヒメノ	奴奈川姫	1289		501	-17.9060
ヌキデル	抜き出る	619		501	-18.6535
ヌサ	幣	1285		275	-12.8833
ヌイアワセ	縫い合わせ	734		501	-17.0004
ヌスム	偸む	762		501	-17.0363
ヌキンデリャ	抜きん出りゃ	618		501	-13.2082
ヌケロ	ぬけろ	623		220	-12.2032
ヌノジ	布地	1285		270	-13.2147
ヌク	貫く	695		481	-10.7348
ヌリクチ	塗り口	1285		501	-18.7236
ヌイチヂメル	縫い縮める	619		501	-18.2480
ヌキサシ	抜き差し	1285		379	-18.7236
ヌリノバス	塗り伸ばす	731		501	-17.4749
ヌレエフ		1289		416	-15.0179
ヌケデ	抜けで	622		501	-18.6602
ヌケダセル	抜出せる	619		501	-18.6535
ヌキダセ	抜き出せ	625		501	-16.8254
ヌケニ	抜荷	1285		501	-18.7236
ヌレバイ	濡れ灰	1285		501	-18.7236
ヌレヒカル	濡れ光る	772		501	-18.4236
ヌカズキ	叩頭	1285		440	-17.7655
ヌギステル	脱ぎ捨てる	619		379	-12.5517
ヌイアゲ	縫揚げ	1285		501	-18.7236
ヌカズキ	叩頭	1283		440	-17.7655
ヌギステン	脱ぎ捨てん	620		379	-12.5441
ヌレテ	ヌレ手	1285		501	-18.0817
ヌールッディーン		1289		273	-13.0987
ヌウ	縫う	817		471	-10.2329
ヌケメ	抜け目	1285		268	-14.3195
ヌバタマ	ぬばたま	1285		501	-19.2344
ヌレル	ヌレる	619		501	-17.6419
ヌリツブセヨ	塗りつぶせよ	624		501	-16.9967
ヌケダセ	抜け出せ	625		268	-11.4022
ヌレゴト	ぬれ事	1285		501	-19.2344
ヌケオチル	抜けおちる	619		501	-18.4303
ヌリツブセロ	塗りつぶせろ	623		501	-16.9970
ヌイアワス	縫いあわす	731		501	-17.4749
ヌカシャ	ぬかしゃ	730		501	-12.6207
ヌキズリ	抜き刷り	1285		501	-17.6939
ヌカレ	抜かれ	683	876	17	-11.1750
ヌリカタメル	塗りかためる	619		501	-18.2480
ヌクケレ	ぬくけれ	13		293	-13.4594
ヌキトレ	抜取れ	768		501	-18.5466
ヌキハナタ	抜き放た	740		501	-15.3490
ヌスミガカリ	盗み係	1285		501	-18.7236
ヌルキャ	ぬるきゃ	17		420	-11.4303
ヌイアゲロ	縫い上げろ	623		501	-16.8622
ヌリツケ	塗り付け	622		501	-15.5852
ヌキダス	抜き出す	731		481	-11.4802
ヌッタ	沼	1288		501	
ヌノメ	ぬのめ	1285		501	-19.2344
ヌマニハマル	沼にハマる	1288		501	-14.6282
ヌケレ	貫けれ	617		501	-18.4235
ヌリタテン	塗り立てん	620		501	-18.6458
ヌカタノ	額田	1289		72	-15.6837
ヌシガエ	主替え	1283		501	-18.1494
ヌレネズミ	濡れネズミ	1285		501	-18.7236
ヌルイ	ヌルい	19		501	-13.8779
ヌカ	濘	1288		501	
ヌルカレ	ヌルかれ	29		501	-13.3539
ヌリ	ぬり	788		297	-11.7100
ヌリャ	塗りゃ	770		379	-9.4323
ヌル	ヌる	772		501	-17.4681
ヌイ	縫	1285		4	-16.5621
ヌキダセヨ	抜き出せよ	624		501	-16.7433
ヌマレ	沼れ	784		501	-11.4737
ヌイコミ	縫込み	1285		501	-18.7236
ヌリエ	ぬりえ	1285		80	-18.9467
ヌキソバメル	抜き側める	619		501	-18.2480
ヌノマスク	布マスク	1288		501	-13.6081
ヌマザワ	沼澤	1290		175	-16.6642
ヌイアワス	縫い合わす	731		501	-17.0049
ヌルキャ	温きゃ	17		501	-12.1470
ヌン		1288		429	-14.2904
ヌキトリ	抜きとり	788		501	-17.7621
ヌキンデ	擢んで	622		501	-18.6602
ヌスミダセヨ	盗み出せよ	621		501	-18.2771
ヌタチョウ	沼田町	1293		309	-13.5965
ヌエ	縫え	622		501	-14.8304
ヌカタベノ	額田部	1290		501	-17.7354
ヌケウラ	抜け裏	1285		501	-17.8565
ヌイモン	繍い紋	1285		501	-18.6282
ヌリモノ	塗りもの	1285		501	-18.7236
ヌリカエ	塗替え	1285		501	-18.7236
ヌキガタ	ぬき型	1285		501	-19.2344
ヌマジカ	沼鹿	1285		501	-18.7236
ヌレ		1285		501	-18.0817
ヌイドマリ	縫いどまり	1285		501	-18.7236
ヌケダス	脱けだす	731		501	-17.4749
ヌカアメ	糠雨	1285		501	-17.5116
ヌケデレ	抜けでれ	617		501	-18.6466
ヌレショボレル	濡れしょぼれる	619		501	-18.9412
ヌキンデヨ	抜きんでよ	621		501	-14.0807
ヌックヌク	ぬっくぬく	1281		501	-15.9069
ヌクキャ	ぬくきゃ	17		293	-13.4594
ヌク	抜く	977		379	-7.3629
ヌレバ	濡場	1285		501	-18.7236
ヌノザワ	布沢	1293		501	-17.7008
ヌリキ	温き	21		501	-12.1472
ヌグイサレル	拭いされる	619		501	-18.9412
ヌスミドリ	盗み撮り	1285		501	-18.7236
ヌヨウ	ぬよう	484	1312	17	-11.3586
ヌイメ	ぬい目	1285		501	-19.2344
ヌレイロ	濡色	1285		501	-18.7236
ヌレギヌ	ぬれ衣	1285		501	-19.0802
ヌキガタ	抜き型	1285		501	-18.7236
ヌキキ	温き	21		501	-12.0470
ヌカス	ヌカす	731		501	-16.6276
ヌケガラ	脱け殼	1285		501	-18.7236
ヌリカラ	温から	27		501	-12.1478
ヌスミミ	盗み見	1283		427	-18.0694
ヌリタテ	塗り立て	625		501	-18.7275
ヌリツブセヨ	塗りつぶせよ	621		501	-17.0000
ヌリ	緩	11		304	-17.8612
ヌクテエ	ぬくてえ	19		501	-16.4313
ヌリ	温	11		501	-12.3092
ヌケアガラ	抜けあがら	780		501	-18.5517
ヌノカザリ	布飾り	1285		501	-18.7236
ヌキンデル	擢んでる	619		501	-18.6535
ヌカルン	ぬかるん	766		292	-12.8357
ヌリコシ	塗輿	1285		501	-18.7236
ヌケガケ	抜けがけ	1285		501	-18.7236
ヌスミゴコロ	盗み心	1285		501	-18.7236
ヌケダシャ	抜け出しゃ	730		471	-9.6428
ヌマジリ	沼尻	1293		231	-15.2159
ヌキトレヨ	抜き取れよ	621		501	-17.8158
ヌキツケ	抜きつけ	1285		501	-18.7236
ヌイコミャ	縫い込みゃ	761		501	-15.7355
ヌケデリャ	抜け出りゃ	618		471	-12.8961
ヌリツブセル	塗り潰せる	619		501	-18.6535
ヌイアワサル	縫い合わさる	772		501	-18.4236
ヌキダセロ	抜き出せろ	623		501	-16.7435
ヌル	ぬる	772		297	-11.5830
ヌノスケ	奴之助	1291		501	-18.1724
ヌガセ	脱がせ	734		438	-11.9587
ヌキトル	拔取る	772		501	-18.4236
ヌリツケ	塗付け	622		501	-18.6602
ヌルミ	温み	767		501	-15.0304
ヌイモノ	縫い物	1285		501	-18.7236
ヌレトオル	濡れ通る	772		501	-18.4236
ヌリタテ	塗立て	625		501	-18.7275
ヌクカレ	ぬくかれ	29		293	-13.4594
ヌーヴェル・ヴァーグ		1288		90	-14.9473
ヌケマイリ	抜参り	1285		501	-18.7236
ヌノツナギ	布繋ぎ	1285		501	-18.7236
ヌケリャ	貫けりゃ	618		501	-18.4036
ヌリカサネル	塗りかさねる	619		501	-18.0939
ヌルウ	ヌルう	31		501	-13.3632
ヌケオチヨ	抜け落ちよ	624		379	-12.1954
ヌリツチ	塗土	1285		501	-18.7236
ヌイアワソ	縫い合わそ	732		501	-17.0024
ヌキアシ	ぬき足	1285		501	-19.2344
ヌケヨ	抜けよ	624		471	-8.8658
ヌキワ	貫和	1290		501	-16.9470
ヌゲ	脱げ	721		295	-8.2363
ヌノ	布	1290		4	-17.1477
ヌケオチ	抜け落ち	622		379	-12.2102
ヌリツケレ	塗付けれ	617		501	-18.6466
ヌケル	ぬける	919		220	-17.7706
ヌレネズミ	濡れ鼠	1285		501	-18.7236
ヌキゾメ	抜染	1285		501	-18.7236
ヌレ	濡れ	1285		155	-12.9514
ヌリタテロ	塗り立てろ	623		501	-18.6456
ヌノバリ	布張	1285		501	-18.7236
ヌレマイ	濡米	1285		501	-18.6282
ヌケオチル	脱けおちる	619		501	-18.4303
ヌレ	塗れ	784		379	-9.4324
ヌイアワセル	縫い合せる	619		501	-18.6535
ヌイイ		1285		6	-15.4057
ヌビア		1285		359	-14.3643
ヌイドノ	縫殿	1290		497	-13.5828
ヌスミタメル	盗み貯める	619		501	-18.2480
ヌイナオシ	縫い直し	1285		501	-18.7236
ヌイ	ぬい	687		74	-11.1439
ヌイツケロ	縫いつけろ	623		147	-15.8545
ヌキステル	抜き捨てる	619		501	-18.6535
ヌギステヨ	脱ぎ捨てよ	624		379	-12.5437
ヌサ	幤	1288		501	
ヌケル	脱ける	919		501	-17.9041
ヌリタテ	塗立て	622		501	-18.6602
ヌケオチル	抜け落ちる	619		379	-12.2035
ヌクカロ	ぬくかろ	25		293	-13.4594
ヌガス	脱がす	731		438	-11.9632
ヌルシ	ぬるし	23		420	-11.4312
ヌクメ	温め	622		379	-18.2006
ヌキト	抜きと	776		501	-17.7603
ヌケダセヨ	抜け出せよ	624		501	-11.3525
ヌナキイリヒメ	淳名城入姫	1289		501	-17.9060
ヌリボネ	塗骨	1285		501	-18.7236
ヌリワケル	塗り分ける	619		501	-18.6535
ヌーメノール		1288		222	-13.7550
ヌノマク	布幕	1285		501	-18.6282
ヌルメ	微温め	1287		501	-17.8935
ヌナワ	蓴	1288		501	
ヌキクン	ぬきくん	1285	1302	17	-13.2289
ヌマノハラ	沼ノ原	1290		501	-14.6721
ヌマネコ	沼猫	1285		501	-18.7236
ヌノメイ	布名	1285		501	-18.6282
ヌクイ	ぬくい	19		293	-13.9834
ヌイススム	縫い進む	762		501	-17.1905
ヌリカサネル	塗り重ねる	619		501	-18.0939
ヌチャッ	ぬちゃっ	1281		501	-17.6734
ヌノオムツ	布御襁褓	1285		501	-18.7236
ヌルケリャ	ぬるけりゃ	15		420	-11.4303
ヌリツブセ	塗り潰せ	729		501	-13.1603
ヌリツケ	塗り付け	625		501	-15.6525
ヌカ		1285		382	-18.0817
ヌカタ	額田	1289		72	-16.5170
ヌ	ぬ	776		297	-11.7082
ヌイ	ぬい	832		389	-17.3098
ヌイ	貫い	687		481	-17.6713
ヌルカッ	ぬるかっ	33		420	-11.4504
ヌキヨミ	抜き読み	1285		501	-18.7236
ヌリワケ	塗分	1285		501	-18.7236
ヌクモリカン	温もり感	1285		501	-18.6282
ヌカヤ	糠谷	1290		501	-17.7354
ヌイトル	縫い取る	772		501	-18.4236
ヌクトケリャ	ぬくとけりゃ	15		501	-15.9072
ヌリナオス	塗り直す	731		501	-17.4749
ヌカ	糠	1285		487	-13.4001
ヌリカッ	温かっ	33		501	-12.1671
ヌノビキ	布引	1293		231	-17.7008
ヌレフキン	濡れ布巾	1285		17	-13.3395
ヌケガラ	蛻	1288		501	
ヌキアシ	ぬきあし	1285		501	-19.2344
ヌルメル	温める	619		379	-13.6992
ヌリタテレ	塗り立てれ	617		501	-18.6466
ヌイアゲロ	縫上げろ	623		501	-18.4225
ヌラヌラ	ぬらぬら	1281		501	-14.9213
ヌ	渟	1288		501	
ヌカシ	ぬかし	735		501	-12.6462
ヌカ	額	1285		286	-17.4660
ヌクミ	ぬくみ	1285		501	-19.2344
ヌレゴト	濡事	1285		501	-18.7236
ヌケダセン	抜け出せん	620		501	-11.3529
ヌコ	ぬこ	681		54	-11.0431
ヌスム	ぬすむ	762		501	-14.7657
ヌルカン	温燗	1285		501	-18.6282
ヌスミミロ	盗み見ろ	623		501	-13.8067
ヌカサ	抜かさ	733		441	-10.9125
ヌメリ	滑り	1285		174	-19.2344
ヌリマワス	塗り回す	731		501	-17.4749
ヌーペディア		1288		366	-15.0041
ヌクシ	温し	23		501	-12.0476
ヌクトカラ	ぬくとから	27		501	-15.9081
ヌグエ	ぬぐえ	622		247	-14.1794
ヌイアゲ	縫い上げ	1285		501	-18.7236
ヌキガキ	抜書	1285		342	-18.7236
ヌリツケ	塗り付け	1285		501	-18.7236
ヌリケリャ	緩けりゃ	15		304	-17.6990
ヌケアガ	抜けあが	776		501	-18.5488
ヌフ		1285		501	-16.6797
ヌレル	濡れる	619		379	-10.5691
ヌカス	吐す	731		501	-17.6572
ヌイカケル	縫い掛ける	619		501	-18.6535
ヌイアワシ	縫い合わし	735		501	-17.0762
ヌマ	ぬま	1285		501	-19.2344
ヌキトッ	抜取っ	786		501	-18.5724
ヌルキ	緩き	21		304	-17.6992
ヌスミグイ	盗喰	1283		501	-18.1494
ヌカッ	抜かっ	786		501	-13.6871
ヌスメル	盗める	619		501	-14.3542
ヌ	耨	1288		501	
ヌリカクス	塗り隠す	731		501	-17.4749
ヌリタテレ	塗立てれ	617		501	-18.6466
ヌメリ	ぬめり	1285		487	-14.0728
ヌキウチ	抜きうち	1285		501	-18.7236
ヌリムラ	塗りムラ	1285		501	-18.7236
ヌルヌル		1281		227	-12.7292
ヌリナオセル	塗りなおせる	619		501	-18.6535
ヌガ	脱が	725		295	-8.2781
ヌイ	縫	1290		4	-11.9675
ヌッ	塗っ	786		155	-9.3791
ヌルケレ	緩けれ	13		304	-17.6990
ヌリイ	微温い	19		501	-17.9999
ヌレガミ	濡れ髪	1285		501	-18.7236
ヌイコメレ	縫い込めれ	617		501	-18.2411
ヌミ		1288		501	-17.6068
ヌゲオチル	脱げ落ちる	619		501	-18.4303
ヌレ	ぬれ	625		418	-13.4347
ヌスミヨム	盗み読む	762		501	-17.1905
ヌルマッコキャ	ぬるまっこきゃ	17		501	-17.9867
ヌキトラ	抜きとら	780		501	-17.7632
ヌカヅケ	ぬかづけ	1285		501	-19.2344
ヌカバタラキ	ぬか働き	1285		501	-19.2344
ヌケオチロ	抜け落ちろ	623		379	-12.1956
ヌクモラ	温もら	780		501	-16.8802
ヌクク	ぬくく	35		293	-13.5426
ヌスミダセヨ	盗み出せよ	624		501	-18.2738
ヌク	拔く	973		501	-15.7746
ヌノツネ	布恒	1288		501	-18.5231
ヌリカベ	ぬりかべ	1283		368	-14.4880
ヌマバン	沼番	1285		501	-18.6282
ヌキサル	抜き去る	772		501	-18.4236
ヌイツナグ	縫い繋ぐ	723		501	-16.2392
ヌリツブシ	塗りつぶし	735		242	-11.5610
ヌキダセ	抜き出せ	734		481	-11.4757
ヌリタテヨ	塗り立てよ	624		501	-18.6454
ヌス	偸	1288		501	
ヌマワニ	沼鰐	1285		501	-18.7236
ヌキヌキ	ぬきぬき	1285		501	-19.2344
ヌリツケル	塗りつける	619		379	-13.9623
ヌイナラベル	縫い並べる	619		501	-18.4303
ヌスミダセレ	盗み出せれ	617		501	-18.2750
ヌリカレ	温かれ	29		501	-12.1470
ヌキトリャ	抜取りゃ	770		501	-18.5465
ヌスミタメル	盗みためる	619		501	-18.2480
ヌレスナ	濡れ砂	1285		501	-18.7236
ヌキダソ	抜き出そ	732		481	-11.4777
ヌリカエル	塗り替える	619		377	-11.3422
ヌケダス	抜出す	731		501	-17.4749
ヌキトラ	抜取ら	780		501	-18.5517
ヌス	盜	1288		501	
ヌケヨ	貫けよ	621		501	-18.4255
ヌクトキャ	温ときゃ	17		501	-17.9867
ヌカヅカ	糠塚	1293		200	-15.0618
ヌイトリ	ぬいとり	1285		501	-19.2344
ヌケカワル	抜け代わる	772		501	-18.4236
ヌイアワセヨ	縫い合わせよ	624		256	-13.6074
ヌケル	抜ける	919		471	-17.6528
ヌク	抜く	957		379	-6.9294
ヌルシ	ヌルし	23		501	-13.3548
ヌリツケン	塗り付けん	620		501	-15.5708
ヌルモ	温も	763		501	-15.0192
ヌレヌレ	ぬれぬれ	1281		501	-16.3060
ヌカセ	吐かせ	729		501	-15.1355
ヌカタ	額田	1290		72	-13.1837
ヌカヨロコビ	ぬか喜び	1285		501	-14.8445
ヌリ	塗り	1298		242	-10.4562
ヌリカエレ	塗り替えれ	617		377	-11.3353
ヌルミ		1285		7	-13.8794
ヌカブクロ	糠袋	1285		501	-18.7236
ヌスメン	盗めん	620		501	-14.3465
ヌスミダセル	盗み出せる	619		501	-18.2819
ヌリタテヨ	塗り立てよ	621		501	-18.6487
ヌグ	拭	1288		501	
ヌキダシ	抜きだし	735		501	-17.2839
ヌレロ	濡れろ	623		379	-10.5612
ヌケサク	抜作	1285		501	-16.3934
ヌキハシ	貫橋	1290		501	-17.7354
ヌ	塗	776		379	-9.4346
ヌキト	抜き取	776		379	-12.5305
ヌケン	ぬけん	620		220	-12.2034
ヌキサシ	抜き挿し	1285		501	-18.7236
ヌガセル	脱がせる	619		295	-14.2771
ヌエ	ぬえ	1285		113	-19.2344
ヌメ	絖	1285		297	-16.7635
ヌル	溫	1288		501	
ヌサイ	奴才	1285		501	-18.6282
ヌリボン	塗盆	1285		501	-18.6282
ヌタモチ	ヌタ餅	1285		501	-18.0817
ヌキンデリャ	擢んでりゃ	618		501	-18.6267
ヌキンデレ	抜きん出れ	617		501	-13.2281
ヌイコメヨ	縫い込めよ	621		501	-18.2432
ヌスメロ	盗めろ	623		501	-14.3463
ヌイコメ	縫い込め	625		501	-18.3221
ヌイドマリ	縫止り	1285		501	-18.7236
ヌケヤマ	抜け山	1285		501	-18.7236
ヌリカエン	塗り替えん	620		377	-11.3345
ヌレリャ	濡れりゃ	618		379	-10.5423
ヌリシ	温し	23		501	-12.1479
ヌメッ	ぬめっ	1281		501	-18.3665
ヌキャ	ぬきゃ	677		17	-11.0953
ヌカルミ	ぬかるみ	1285		220	-14.5842
ヌー	ぬー	1281		462	-12.2049
ヌルキ	温き	21		501	-12.1472
ヌリケレ	緩けれ	13		304	-17.6990
ヌレヨ	濡れよ	621		379	-10.5643
ヌカズケ	ぬかずけ	1285		501	-19.2344
ヌキトル	抜き取る	772		379	-12.4054
ヌリタテ	塗り立	1285		501	-18.7236
ヌッタクル	塗ったくる	772		501	-18.4236
ヌレギヌ	ぬれぎぬ	1285		501	-19.0802
ヌリタテヨ	塗立てよ	624		501	-18.6454
ヌクメヨ	温めよ	621		379	-18.1891
ヌロ	塗ろ	778		379	-9.4327
ヌルット	ぬるっと	1281		501	-13.1995
ヌ	抜	1288		501	
ヌイトメル	縫い留める	619		501	-18.2480
ヌイアゲ	縫上げ	1285		501	-18.7236
ヌケオチル	脱け落ちる	619		501	-18.4303
ヌレムラ	濡れ斑	1285		501	-18.7236
ヌキトレ	抜取れ	784		501	-18.5465
ヌンチャク	双節棍	1285		501	-18.3181
ヌイアゲ	縫い上げ	625		501	-16.9441
ヌラリヒョン	ぬらりひょん	1285		74	-18.7236
ヌキツラネヨ	抜き連ねよ	621		501	-18.0891
ヌクテエ	温てえ	19		501	-18.5107
ヌマザキ	沼崎	1290		465	-15.2776
ヌウッ	ぬうっ	1281		501	-17.6734
ヌードシーン		1288		322	-14.3177
ヌカセ	抜かせ	734		147	-10.9093
ヌゲン	脱げん	620		501	-12.6898
ヌキウチ	抜打ち	1285		501	-18.7236
ヌマレ	沼れ	768		501	-11.4738
ヌリノバス	塗りのばす	731		501	-17.4749
ヌエヨ	縫えよ	621		501	-14.8189
ヌケデン	抜けでん	620		501	-18.6458
ヌケル	抜ける	619		471	-8.8738
ヌカヅケ	糠漬け	1285		93	-14.4230
ヌナクラフトタマシキノ	渟中倉太珠敷	1289		501	-17.9060
ヌイ	ぬい	727		74	-11.4016
ヌキンデレ	抽んでれ	617		501	-18.6466
ヌレゴト	濡れ事	1285		501	-17.6939
ヌワッ	ぬわっ	1281		501	-16.9196
ヌマザト	沼里	1290		501	-17.7354
ヌカボ	ぬかぼ	1285		501	-19.2344
ヌグイトル	拭いとる	772		501	-18.4236
ヌキンデヨ	抽んでよ	621		501	-18.6487
ヌスミダセ	盗み出せ	622		501	-18.2886
ヌクモッ	温もっ	786		501	-16.9009
ヌイカエル	縫い替える	619		501	-18.9412
ヌキダセ	抜き出せ	729		481	-11.4697
ヌキトル	抜取る	772		501	-18.4236
ヌケガラ	脱殻	1285		501	-18.7236
ヌマ	沼	1285		220	-10.9337
ヌイアゲレ	縫い上げれ	617		501	-16.8632
ヌキダセ	抜き出せ	622		501	-16.7581
ヌリカロ	緩かろ	25		304	-17.6990
ヌノハシ	布橋	1285		501	-18.7236
ヌカゴ	零余子	1285		501	-17.8820
ヌリアゲル	塗り上げる	619		501	-18.4303
ヌ	縫	1288		501	
ヌリキャ	緩きゃ	17		304	-17.6990
ヌレイロ	ぬれ色	1285		501	-19.2344
ヌスット	盗人	1285		74	-18.8289
ヌクカレ	温かれ	29		501	-12.0467
ヌリタクン	塗りたくん	782		501	-13.5593
ヌレソボッ	濡れそぼっ	742		501	-15.7987
ヌルミャ	温みゃ	761		501	-15.0154
ヌケドメ	抜け止め	1285		501	-18.7236
ヌリカエ	塗り替え	622		52	-11.2983
ヌリツブソ	塗りつぶそ	732		256	-11.6214
ヌレソボテ	濡れそぼて	736		501	-15.6986
ヌイアゲヨ	縫い上げよ	624		501	-16.8620
ヌル	温	11		395	-12.0202
ヌノブクロ	布袋	1285		478	-18.9467
ヌカン	抜かん	782		501	-13.6614
ヌケダセル	脱けだせる	619		501	-18.6535
ヌミトル		1288		222	-14.4163
ヌレスナ	ぬれ砂	1285		501	-19.2344
ヌリガサ	塗り笠	1285		501	-18.7236
ヌノ	布	1285		4	-10.6796
ヌイ	ぬい	1285		74	-19.2344
ヌカズキ	額突	1285		501	-18.7236
ヌシロ	渟代	1293		58	-17.7008
ヌキイ	ぬきい	19		293	-13.9834
ヌスミミヨ	盗み見よ	621		501	-13.8098
ヌルイ	ぬるい	19		420	-11.9543
ヌイアゲ	縫い揚げ	1285		501	-18.7236
ヌキダセ	抜きだせ	729		501	-17.2020
ヌリワケル	塗りわける	619		501	-18.6535
ヌケデヨ	抜け出よ	621		471	-12.9180
ヌキウ	温う	31		501	-12.0560
ヌキダセレ	抜き出せれ	617		501	-16.7445
ヌラシャ	濡らしゃ	730		379	-11.1307
ヌイツケル	縫いつける	619		147	-15.8623
ヌノヤ	布屋	1285		311	-18.7236
ヌノダマ	布球	1285		501	-18.7236
ヌケアガン	抜けあがん	782		501	-18.5466
ヌカルミミチ	ぬかるみ道	1285		501	-19.2344
ヌケダサ	抜け出さ	733		471	-9.6629
ヌルリ	ぬるり	1281		501	-17.6734
ヌキ	抜	1288		501	
ヌカソ	抜かそ	732		147	-10.9113
ヌカル	抜かる	772		501	-13.5384
ヌカヅケ	ぬか漬け	1285		501	-13.6159
ヌマハタ	沼畑	1290		501	-17.7354
ヌリツブシ	塗り潰し	1285		242	-18.7236
ヌルカラ	ヌルから	27		501	-13.3547
ヌキト	抜取	776		501	-18.5488
ヌレバ	ヌレ場	1285		501	-18.0817
ヌクヌク	ぬくぬく	1281		501	-11.5056
ヌキ	抜き	1285		63	-10.7618
ヌリグスリ	塗り薬	1285		93	-14.0474
ヌケアナ	抜け穴	1285		468	-13.9478
ヌスミャ	盗みゃ	761		438	-9.1218
ヌクトカッ	ぬくとかっ	33		501	-15.9273
ヌリカレ	緩かれ	29		304	-17.6990
ヌル	塗	1288		501	
ヌクメン	温めん	620		379	-18.1863
ヌキダシャ	抜き出しゃ	730		481	-11.4766
ヌイアゲ	縫上げ	625		501	-18.5044
ヌレ	塗れ	625		501	-19.4207
ヌレロ	塗れろ	623		501	-19.3388
ヌルケリャ	温けりゃ	15		501	-12.1470
ヌイワル	縫い割る	772		501	-18.4236
ヌマサワ	沼沢	1290		220	-14.9046
ヌリタシ	塗り足し	1285		501	-18.7236
ヌ	孥	1288		501	
ヌレ	ぬれ	1285		418	-14.3129
ヌルカロ	ぬるかろ	25		420	-11.4303
ヌクミ	生見	1290		122	-12.2040
ヌシロ	淳代	1293		501	-17.7008
ヌシサマ	主様	1298	1302	17	-13.0053
ヌスビト	ぬす人	1285		501	-19.0802
ヌイイト	縫糸	1285		501	-18.7236
ヌキダセヨ	抜き出せよ	621		501	-16.7466
ヌイ	痿	1288		501	
ヌキイ	温い	19		501	-12.5708
ヌキツラネル	抜き連ねる	619		501	-18.0939
ヌマチ	沼知	1290		501	-17.7354
ヌケデル	抜け出る	619		471	-12.9228
ヌメヌメ	ぬめぬめ	1281		501	-14.7303
ヌカ	抜か	776		501	-13.6636
ヌレ	濡れ	625		155	-10.4015
ヌボク	奴僕	1285		495	-18.6282
ヌイシロ	ぬいしろ	1285		501	-19.2344
ヌルマッコケリャ	ぬるまっこけりゃ	15		501	-17.9867
ヌカルム	泥濘む	762		501	-17.1905
ヌキンデリャ	抜きんでりゃ	618		501	-14.0588
ヌカヅケ	糠漬	1285		501	-18.7236
ヌマエビ	沼海老	1285		501	-18.7236
ヌリタクレ	塗りたくれ	768		501	-13.5593
ヌーシャテル		1293		463	-14.5682
ヌカ	倥	1288		501	
ヌキンデ	抜きんで	622		501	-14.0922
ヌルキ	ぬるき	21		420	-11.4305
ヌレト	濡跡	1285		501	-18.7236
ヌキンデル	抜きん出る	619		501	-13.2349
ヌクモ	温も	776		501	-16.8773
ヌイ	蕋	1288		501	
ヌスメリャ	盗めりゃ	618		501	-14.3274
ヌカドコ	ぬか床	1285		501	-19.2344
ヌリイタ	塗板	1285		501	-18.7236
ヌグイ	拭	1288		501	
ヌ	脱	1288		501	
ヌケアガリ	抜けあがり	788		501	-18.5506
ヌク	ぬく	679		17	-11.0979
ヌカソ	吐かそ	732		501	-15.1435
ヌイアガル	縫い上がる	772		501	-18.4236
ヌカボシ	糠星	1285		501	-17.9351
ヌゲ	脱げ	726		295	-8.2363
ヌカドコ	糠床	1285		501	-18.7236
ヌイアワセン	縫い合わせん	620		256	-13.6078
ヌスット	盗ッ人	1285		501	-18.8289
ヌキンデヨ	擢んでよ	624		501	-18.6454
ヌルク	ヌルく	35		501	-13.4371
ヌカリヤ	ぬかりや	1290		501	-18.2463
ヌノハバ	布幅	1285		501	-18.7236
ヌマブクロ	沼袋	1293		200	-14.2766
ヌマメ	沼目	1293		501	-17.7008
ヌリカベ	ぬり壁	1283		501	-19.2480
ヌリナオシ	ぬりなおし	1285		501	-19.2344
ヌレコケ	ぬれ苔	1285		501	-19.2344
ヌキトレ	抜き取れ	622		501	-17.8273
ヌカリヤココロ	忽滑谷こころ	1289		122	-15.6440
ヌノメン	布面	1285		501	-18.6282
ヌマガミ	沼上	1290		200	-17.7354
ヌケミチ	抜道	1285		501	-18.7236
ヌ〜ベ〜	ぬ〜べ〜	1288		26	-14.4155
ヌキハナツ	抜き放つ	738		501	-15.3542
ヌキダサ	抜きださ	733		501	-17.2290
ヌイトル	縫いとる	772		501	-18.4236
ヌタウナギ	ぬたうなぎ	1285		501	-19.2344
ヌキトリ	抜き取り	788		379	-12.5323
ヌキトレレ	抜き取れれ	617		501	-17.8137
ヌタ	饅	1285		501	-18.7236
ヌリススメル	塗り進める	619		501	-18.2480
ヌスモ	盗も	763		438	-9.1257
ヌキアワセル	抜きあわせる	619		501	-18.6535
ヌグエ	拭え	622		268	-12.2225
ヌリタテ	塗立て	1285		501	-18.7236
ヌノエラビ	布選び	1285		501	-18.7236
ヌマベ	沼辺	1285		501	-18.7236
ヌリク	緩く	35		304	-17.7822
ヌレヨ	濡れよ	624		379	-10.5610
ヌカレ	抜かれ	768		501	-13.6614
ヌイコム	縫い込む	762		501	-15.7396
ヌイモン	縫紋	1285		501	-18.6282
ヌリヒロゲル	塗り広げる	619		501	-18.4303
ヌルデザイ	ヌルデ材	1285		501	-18.0304
ヌサマイチョウ	幣舞町	1293		501	-17.5467
ヌグワ	拭わ	823		418	-11.0907
ヌレゴロモ	濡れ衣	1285		301	-15.8349
ヌノトリ	布とり	1285		501	-18.7236
ヌリタクレ	塗りたくれ	784		501	-13.5593
ヌケダス	抜け出す	731		471	-9.6465
ヌイカガル	縫い縢る	772		501	-18.4236
ヌイアゲ	縫い上げ	622		501	-16.8768
ヌスミグセ	盗み癖	1285		501	-18.7236
ヌイトジル	縫い綴じる	619		501	-18.4303
ヌスミヨミ	盗み読み	1285		501	-14.3905
ヌリツブソ	塗り潰そ	732		501	-13.1683
ヌキトレヨ	抜き取れよ	624		501	-17.8125
ヌキミ	抜身	1285		501	-18.7236
ヌノキレ	布裂	1285		501	-18.7236
ヌノバリ	布張り	1285		501	-18.7236
ヌイ	繡	1285		256	-18.7236
ヌキトロ	抜取ろ	778		501	-18.5469
ヌキダセリャ	抜き出せりゃ	618		501	-16.7246
ヌルク	温く	35		501	-12.2302
ヌマヅコウ	沼津港	1293		341	-13.7162
ヌリステル	塗り捨てる	619		501	-18.6535
ヌマガメ	沼亀	1285		501	-18.7236
ヌスミヨミ	盗み読み	1283		501	-18.1494
ヌラサ	濡らさ	733		379	-11.1508
ヌマベリ	沼べり	1285		501	-18.7236
ヌキンデヨ	抜きんでよ	624		501	-14.0774
ヌレレ	塗れれ	617		501	-19.3398
ヌノゴシ	布越し	1283		501	-18.1494
ヌイアワセル	縫い合わせる	619		256	-13.6154
ヌリシ	緩し	23		304	-17.6999
ヌクキャ	温きゃ	17		501	-12.0467
ヌイコメル	縫い込める	619		501	-18.2480
ヌケダマ	抜け球	1285		501	-18.7236
ヌギトル	脱ぎとる	772		501	-18.4236
ヌケアガル	抜けあがる	772		501	-18.4236
ヌイカガル	縫いかがる	772		501	-18.4236
ヌリツケロ	塗り付けろ	623		501	-15.5706
ヌルメヨ	温めよ	624		379	-18.0858
ヌ	ぬ	484		17	-5.1415
ヌノサガシ	布探し	1285		501	-18.7236
ヌノムラ	布村	1290		501	-16.9470
ヌリキャ	温きゃ	17		501	-12.1470
ヌミ	nummi	1288		501	-17.6581
ヌイツケル	縫い着ける	619		501	-18.6535
ヌー	gnu	1285		501	-17.9351
ヌグオ	拭お	820		418	-11.0823
ヌリグスリ	ぬりぐすり	1285		501	-19.2344
ヌル	null	1289		45	-12.4732
ヌルキャ	緩きゃ	17		304	-17.6990
ヌノビク	布魚籠	1285		501	-18.7236
ヌラソ	濡らそ	732		379	-11.1319
ヌギチラス	脱ぎちらす	731		501	-17.4749
ヌシ	主	1285		169	-18.3033
ヌイツラネル	縫い連ねる	619		501	-18.0939
ヌキカラ	温から	27		501	-12.0475
ヌクカッ	温かっ	33		501	-12.0668
ヌスミダセン	盗み出せん	620		501	-18.2742
ヌイコメ	縫い込め	760		501	-15.7355
ヌ	ぬ゙	1288		501	-20.0000
ヌケヌケ	ぬけぬけ	1281		501	-17.6734
ヌケ	拔	1288		501	
ヌスミ	盗み	1285		161	-13.4251
ヌノヤスリ	布やすり	1285		501	-18.7236
ヌスミダセリャ	盗み出せりゃ	618		501	-18.2552
ヌエ	縫え	814		471	-10.2284
ヌキエリ	抜衿	1285		501	-18.7236
ヌキウチ	ぬきうち	1285		501	-19.0802
ヌカボ	糠穂	1285		501	-18.7236
ヌカドコ	ぬか床	1288		501	-14.0100
ヌキ	貫き	689		481	-17.6327
ヌイナオス	縫い直す	731		501	-17.4749
ヌスット	盗っと	1285		501	-18.8289
ヌレエン	濡れ縁	1285		501	-16.4765
ヌスメヨ	盗めよ	621		501	-14.3494
ヌートリア		1285		382	-15.1439
ヌリグスリ	ぬり薬	1285		501	-19.2344
ヌカヨロコビ	ヌカ喜び	1285		501	-18.0817
ヌケダセ	抜け出せ	734		471	-9.6420
ヌウ	ぬう	3		389	-16.9819
ヌレムシロ	ぬれ筵	1285		501	-19.2344
ヌリタクリ	塗りたくり	788		501	-13.5633
ヌラ	塗ら	780		379	-9.4375
ヌリツケヨ	塗付けよ	624		501	-18.6454
ヌノアソビ	布遊び	1285		501	-18.7236
ヌレソボテ	濡れそぼて	741		501	-15.7391
ヌキトン	抜き取ん	774		379	-12.5284
ヌキハナス	抜き放す	731		501	-17.4749
ヌグエル	拭る	619		501	-18.9412
ヌキンデ	抜きん出	625		390	-12.9751
ヌキテ	抜き手	1285		501	-16.5625
ヌク	ぬく	957		17	-8.0976
ヌノアジ	布味	1285		501	-18.7236
ヌグウ	拭う	817		418	-11.0846
ヌイツケリャ	縫いつけりゃ	618		147	-15.8356
ヌケデヨ	抜け出よ	624		471	-12.9148
ヌケレ	抜けれ	617		471	-8.8670
ヌス	盗	1288		501	
ヌイアワセロ	縫い合わせろ	623		256	-13.6076
ヌママ	沼間	1290		159	-15.1705
ヌル	塗る	772		379	-9.3094
ヌキツラネ	抜き連ね	625		501	-18.1679
ヌスミトル	盗み取る	772		501	-18.4236
ヌクカラ	温から	27		501	-12.0475
ヌシ	ぬし	1285		501	-18.9467
ヌクミズヨウイチ	温水洋一	1289		122	-19.1500
ヌカリヤ	忽滑谷	1290		501	-15.2741
ヌケ	ぬけ	685		17	-11.1009
ヌケル	貫ける	619		501	-16.9687
ヌレヨコ	濡れ横	1285		501	-18.7236
ヌノガキ	布垣	1290		501	-17.7354
ヌケ	抜	1288		501	
ヌカ	貫か	683		481	-17.6295
ヌケダセ	抜け出せ	622		268	-11.1428
ヌキク	温く	35		501	-12.1299
ヌクトケレ	温とけれ	13		501	-17.9867
ヌイヨセル	縫い寄せる	619		501	-18.6535
ヌリツブス	塗潰す	731		501	-17.4749
ヌレ	濡	1288		501	
ヌエレ	縫えれ	617		501	-14.8169
ヌギカケル	脱ぎ掛ける	619		501	-18.6535
ヌキ	拔	1288		501	
ヌイメ	縫い目	1285		60	-13.8097
ヌルメ	温め	622		379	-18.1005
ヌイ	縫	1291		4	-16.5621
ヌメカワ	ヌメ皮	1285		501	-18.0817
ヌマラ	沼ら	780		501	-11.4789
ヌリシアゲ	塗り仕上げ	1285		501	-18.7236
ヌマダテ	沼館	1290		371	-15.9174
ヌリツケヨ	塗りつけよ	624		379	-13.9542
ヌケダセレ	抜け出せれ	617		501	-11.3537
ヌッ		1281		501	-16.9196
ヌノ	布	1293		4	-13.2784
ヌレレ	濡れれ	617		379	-10.5622
ヌイアワセレ	縫い合わせれ	617		256	-13.6086
ヌカガ	額賀	1290		191	-13.0070
ヌルマッコク	ぬるまっこく	35		501	-18.0699
ヌイオサエル	縫い抑える	619		501	-18.9412
ヌシジマ	主島	1290		410	-13.3046
ヌノヤマ	布山	1285		501	-18.7236
ヌケ	貫け	622		501	-18.4370
ヌクバイ	温灰	1285		501	-18.7236
ヌポッ	ぬぽっ	1281		501	-17.6734
ヌケカワル	抜け変わる	772		501	-18.4236
ヌルマユ	ぬるま湯	1285		487	-12.9805
ヌレギヌ	濡れぎぬ	1285		501	-18.7236
ヌケリャ	ぬけりゃ	618		220	-12.1843
ヌキ	貫	1285		275	-12.6940
ヌケレル	抜けれる	619		501	-18.6535
ヌキイ	ぬきい	19		501	-18.5107
ヌイ	ぬい	1291		74	-10.3846
ヌクトケリャ	温とけりゃ	15		501	-17.9867
ヌケガラ	脱け殻	1285		501	-18.7236
ヌケガラ	抜殻	1285		501	-18.7236
ヌシュウ	奴酋	1289		501	-17.9060
ヌルメ	温め	760		501	-15.0154
ヌキハナト	抜き放と	739		501	-15.3477
ヌタ	垈	1288		501	
ヌカス	ぬかす	731		501	-12.6244
ヌルカロ	ヌルかろ	25		501	-13.3539
ヌクトク	ぬくとく	35		501	-15.9904
ヌクケリャ	温けりゃ	15		501	-12.0467
ヌイツケ	縫いつけ	622		147	-15.8690
ヌケガケ	ぬけがけ	1285		501	-19.2344
ヌケデル	脱け出る	619		501	-18.6535
ヌルメレ	温めれ	617		379	-18.0870
ヌケアガレ	抜けあがれ	784		501	-18.5465
ヌン	塗ん	774		379	-9.4324
ヌキ	抜き	689		379	-8.3046
ヌケデロ	抜けでろ	623		501	-18.6456
ヌスミミヨ	盗み見よ	624		501	-13.8065
ヌレリャ	塗れりゃ	618		501	-19.3199
ヌイシロ	縫代	1285		501	-18.7236
ヌジャベス	Nujabes	1289		122	-19.5060
ヌイツケヨ	縫いつけよ	624		147	-15.8542
ヌエ	ぬえ	625		113	-13.9392
ヌグ	脱ぐ	723		295	-8.2806
ヌキハラウ	抜き払う	817		501	-18.2869
ヌリワケ	塗り分け	1285	1297	17	-13.4010
ヌキトリ	抜取り	788		501	-18.5506
ヌレギヌ	濡衣	1285		501	-18.7236
ヌキトレ	抜き取れ	625		501	-17.8946
ヌクトシ	ぬくとし	23		501	-15.9082
ヌキャ	抜きゃ	677		379	-8.2828
ヌイコメ	縫い込め	622		501	-18.2547
ヌレヨ	塗れよ	624		501	-19.3385
ヌキャ	貫きゃ	677		481	-17.6110
ヌケデ	抜けで	625		501	-18.7275
ヌスミギキ	ぬすみ聞き	1283		501	-19.0249
ヌイアゲン	縫上げん	620		501	-18.4227
ヌレソボツ	濡れそぼつ	738		501	-15.7525
ヌケダセ	抜け出せ	729		471	-9.6359
ヌン	ぬん	774		297	-11.7060
ヌキンデン	抽んでん	620		501	-18.6458
ヌケサル	抜け去る	772		501	-18.4236
ヌカリ	ぬかり	1285		501	-19.2344
ヌノメ	布目	1285		256	-16.3293
ヌケヨ	抜けよ	621		471	-8.8690
ヌメ	ぬめ	1281		501	-18.1434
ヌキンデレ	抜きんでれ	617		501	-14.0786
ヌノギレ	布ぎれ	1285		501	-18.7236
ヌイモドス	縫い戻す	731		501	-17.4749
ヌナブトジュンシュウ	ヌナブト準州	1288		400	-14.5067
ヌカラ	抜から	780		501	-13.6665
ヌキトン	抜きとん	774		501	-17.7581
ヌリカッ	緩かっ	33		304	-17.7191
ヌルメ	温め	765		501	-15.0155
ヌキンデル	抽んでる	619		501	-18.6535
ヌノコ	布子	1285		501	-16.5906
ヌリアガル	塗りあがる	772		501	-18.4236
ヌリツケヨ	塗付けよ	621		501	-18.6487
ヌマオチ	沼落ち	1285	1298	17	-12.7800
ヌルク	緩く	35		304	-17.7822
ヌイツケヨ	縫いつけよ	621		147	-15.8575
ヌマノクラ	沼ノ倉	1293		501	-17.7008
ヌキンデロ	抜きん出ろ	623		501	-13.2271
ヌカセ	抜かせ	729		147	-10.9033
ヌリカワル	塗り変わる	772		501	-18.4236
ヌケ		1285		137	-14.9448
ヌルム	微温む	762		501	-17.1905
ヌゲ	脱げ	622		155	-12.6908
ヌルシ	温し	23		501	-12.1479
ヌラリヒョン	ぬらりひょん	1288		74	-14.8783
ヌマオカ	沼岡	1290		501	-17.7354
ヌゲロ	脱げろ	623		501	-12.6897
ヌイアゲル	縫上げる	619		501	-18.4303
ヌキンデ	擢んで	625		501	-18.7275
ヌゲル	脱る	619		501	-18.9412
ヌイコム	縫いこむ	762		501	-17.1905
ヌケカン	抜け感	1285		501	-18.6282
ヌリツブサ	塗りつぶさ	733		441	-11.6072
ヌキツラネレ	抜き連ねれ	617		501	-18.0870
ヌグイ	拭い	1285		155	-18.8289
ヌルメロ	温めろ	623		379	-18.0860
ヌカレ	抜かれ	784		501	-13.6613
ヌル	緩	11		304	-17.8612
ヌキカエ	抜き替え	1283		501	-18.1494
ヌスミキク	盗み聞く	695		501	-14.6770
ヌケダシ	抜出し	735		501	-17.5462
ヌシガラ	主柄	1285		501	-18.7236
ヌリカエル	塗り返る	772		501	-18.4236
ヌノビク	布ビク	1285		501	-18.7236
ヌケ	貫け	625		501	-18.5044
ヌートバー		1285		501	-15.0987
ヌケ	抜け	685		379	-8.2884
ヌケガケ	抜け駆け	1285		501	-18.7236
ヌイ	ぬい	977		74	-8.2307
ヌリバシ	塗り箸	1285		501	-18.7236
ヌギステル	脱ぎすてる	619		501	-18.6535
ヌイグルミ	ぬいぐるみ	1285		295	-11.0970
ヌガセ	脱がせ	729		438	-11.9527
ヌギハキ	脱ぎ履き	1285		501	-18.7236
ヌリカベ	塗り壁	1283		501	-18.5549
ヌレゴロモ	ぬれ衣	1285		501	-19.2344
ヌタモチ	ぬた餅	1285		501	-19.2344
ヌキンデ	抽んで	625		501	-18.7275
ヌラ	ぬら	780		297	-11.7111
ヌリコメル	塗り込める	619		501	-18.2480
ヌマベ	沼部	1290		501	-14.7805
ヌク	ぬく	11		17	-13.6203
ヌスミミル	盗み見る	619		501	-13.8146
ヌリカエヨ	塗り替えよ	624		377	-11.3341
ヌメル	ぬめる	772		501	-18.6468
ヌカボシ	ぬか星	1285		501	-19.2344
ヌスモ	ぬすも	763		501	-14.7654
ヌゲヨ	脱げよ	624		501	-12.6894
ヌイアワセ	縫い合わせ	1285		60	-18.7236
ヌキエリ	抜き衿	1285		501	-18.7236
ヌエ	縫え	625		501	-14.8978
ヌワ	ぬわ	823		389	-11.0562
ヌカス	吐かす	731		501	-15.1460
ヌ	ㇴ	1288		501	-20.0000
ヌダ	怒田	1290		501	-16.0417
ヌスメ	ぬすめ	760		501	-14.7616
ヌリカタメル	塗り固める	619		501	-18.2480
ヌリタテヨ	塗立てよ	621		501	-18.6487
ヌポ	ぬぽ	1281		501	-15.5422
ヌイアト	縫い跡	1285		501	-18.7236
ヌイハリ	縫針	1285		501	-18.7236
ヌスミミ	偸み見	1283		501	-18.1494
ヌキトッ	抜き取っ	786		155	-12.4610
ヌリカエロ	塗り替えろ	623		377	-11.3343
ヌリツケロ	塗付けろ	623		501	-18.6456
ヌイコミ	縫い込み	767		501	-15.7505
ヌキイト	緯糸	1285		60	-17.5392
ヌイバリ	縫針	1285		501	-18.7236
ヌケアガリャ	抜けあがりゃ	770		501	-18.5465
ヌスミミル	盗みみる	619		501	-18.2480
ヌリツケリャ	塗付けりゃ	618		501	-18.6267
ヌイアワセル	縫いあわせる	619		501	-18.6535
ヌギトル	脱ぎ取る	772		501	-18.4236
ヌノヤスリ	布鑢	1285		501	-18.7236
ヌバタマ	射干玉	1285		501	-18.7236
ヌリガサ	塗笠	1285		501	-18.7236
ヌキヤマ	抜山	1290		501	-15.7895
ヌグイサル	拭いさる	772		501	-18.4236
ヌマカワ	沼川	1290		200	-17.7354
ヌバ		1293		160	-16.6022
ヌマサワ	沼澤	1290		175	-14.1642
ヌリツブシャ	塗り潰しゃ	730		501	-13.1672
ヌケ	貫け	685		481	-17.6166
ヌクイ	貫井	1290		266	-14.6318
ヌイハリ	縫い針	1285		501	-18.7236
ヌマジリ	沼尻	1290		231	-13.7591
ヌク	抜ク	973		501	-15.9569
ヌレネズミ	濡鼠	1285		501	-18.7236
ヌスミダス	盗み出す	731		438	-12.1179
ヌリコム	塗り込む	762		501	-17.1905
ヌリモノ	塗り物	1285		501	-17.0446
ヌリヌリ	ぬりぬり	1283		501	-15.0074
ヌサマイ	幣舞	1293		501	-15.3982
ヌマヅエキ	沼津駅	1293		162	-12.7206
ヌキガキ	抜書き	1285		501	-18.7236
ヌデ	椦	1288		501	
ヌケガラ	抜け殻	1285		499	-13.4212
ヌルマユ	微温湯	1285		501	-16.4210
ヌイカケ	縫い掛け	1285		501	-18.7236
ヌキゾメ	抜染め	1285		501	-18.7236
ヌケゲ	抜け毛	1285		457	-13.5715
ヌエ	ぬえ	814		389	-11.0456
ヌルカワサワ	温川沢	1293		501	-17.8831
ヌクモン	温もん	782		501	-16.8751
ヌイカエス	縫い返す	731		501	-17.4749
ヌルカラ	温から	27		501	-12.1478
ヌルマッケエ	ぬるまっけえ	19		501	-18.5107
ヌクトキ	ぬくとき	21		501	-15.9075
ヌヒグルミ	縫ひぐるみ	1285		501	-18.7236
ヌエリャ	縫えりゃ	618		501	-14.7970
ヌノビキ	布引き	1285		501	-18.7236
ヌリツブサ	塗り潰さ	733		501	-13.1873
ヌー		1281		499	-13.4188
ヌルマッコケレ	ぬるまっこけれ	13		501	-17.9867
ヌレボトケ	濡仏	1285		501	-18.7236
ヌリシ	塗り師	1285		501	-18.6282
ヌイトジル	縫い閉じる	619		501	-18.4303
ヌルマッコカレ	ぬるまっこかれ	29		501	-17.9867
ヌクカッ	ぬくかっ	33		293	-13.4795
ヌカセ	ぬかせ	734		501	-12.6198
ヌカソウ	糠層	1285		501	-18.6282
ヌルク	ぬるく	35		420	-11.5135
ヌケオチレ	抜け落ちれ	617		379	-12.1966
ヌルミズ	温水	1290		174	-14.6480
ヌカシ	吐かし	735		501	-15.2173
ヌスミギキ	盗みぎき	1283		501	-18.1494
ヌケデル	抜出る	619		501	-18.6535
ヌケ	ぬけ	622		220	-12.2178
ヌルミズ	温水	1285		174	-15.7051
ヌマカヤ	ぬまかや	1285		501	-19.2344
ヌイツケン	縫いつけん	620		147	-15.8546
ヌリゴメ	塗籠	1285		501	-18.7236
ヌイコミ	縫い込み	1285		501	-18.7236
ヌメ		1285		501	-15.2980
ヌノコ	褞	1288		501	
ヌケダソ	抜け出そ	732		471	-9.6439
ヌマ	沼間	1290		159	-17.7354
ヌリカタ	塗り方	1285	1298	17	-13.2869
ヌリカロ	温かろ	25		501	-12.1470
ヌーツ	ぬーつ	1281		501	-17.6734
ヌリ		1289		501	-16.7429
ヌレバ	濡れ場	1285		477	-14.3129
ヌリ	塗り	1285		242	-11.8972
ヌキシゴト	ぬき仕事	1285		501	-19.2344
ヌエ	鵼	1285		501	-18.7236
ヌグエロ	拭えろ	623		501	-12.5386
ヌグイウルシ	拭い漆	1285		501	-18.7236
ヌノセ	布忍	1293		501	-17.7008
ヌクメ	温め	625		379	-18.2680
ヌゲレ	脱げれ	617		501	-12.6906
ヌシヤ	主屋	1293		501	-17.7008
ヌン	塗ん	782		379	-9.4324
ヌイハク	縫い箔	1285		501	-18.6282
ヌラシ	濡らし	735		155	-10.9976
ヌイグルミ	縫いぐるみ	1285		295	-15.3521
ヌリカエ	塗替	1285		501	-18.7236
ヌイアワセリャ	縫い合わせりゃ	618		256	-13.5887
ヌスミコム	盗み込む	762		501	-17.1905
ヌマシロ	沼代	1290		501	-16.5117
ヌケデ	抜け出	622		471	-12.9295
ヌリイ	ぬりい	19		501	-18.5107
ヌクミ	温み	1285		501	-16.4230
ヌリケリャ	温けりゃ	15		501	-12.1470
ヌッ	沼	1288		501	
ヌグイガミ	拭紙	1285		501	-18.7236
ヌキ	樌	1288		501	
ヌルマッコイ	温まっこい	19		501	-18.5107
ヌイ	繍	1285		4	-18.7236
ヌリク	温く	35		501	-12.2302
ヌキトレ	抜き取れ	768		379	-12.5283
ヌクケレ	温けれ	13		501	-12.0467
ヌエバ・グラナダ		1288		373	-14.5481
ヌッ	縫っ	829		258	-10.1938
ヌンチャク		1289		64	-12.4294
ヌクシ	ぬくし	23		293	-13.4603
ヌル	ぬる	1281		297	-17.6734
ヌキトレ	抜きとれ	768		501	-17.7581
ヌルマッコカラ	ぬるまっこから	27		501	-17.9875
ヌグエ	拭え	826		418	-11.0804
ヌイトリ	繡い取り	1285		501	-18.7236
ヌル		11		501	-13.5161
ヌエロ	縫えろ	623		501	-14.8159
ヌリクル	塗りくる	772		501	-18.4236
ヌケガラ	脱けがら	1285		501	-18.7236
ヌクトウ	温とう	31		501	-17.9960
ヌノ	ぬの	1285		501	-18.9467
ヌカス	抜かす	731		147	-10.9138
ヌケアガレ	抜けあがれ	768		501	-18.5466
ヌノキレ	布きれ	1285		501	-18.7236
ヌスット	ぬすっと	1285		501	-19.2344
ヌマオ	沼尾	1290		145	-14.2937
ヌケヨ	貫けよ	624		501	-18.4223
ヌノトリ	布取り	1285		501	-18.7236
ヌルケリャ	緩けりゃ	15		304	-17.6990
ヌリ	塗	1285		4	-12.6344
ヌルケレ	ヌルけれ	13		501	-13.3539
ヌケロ	貫けろ	623		501	-18.4225
ヌルメ	温め	625		379	-18.1679
ヌキヌキ	抜き抜き	1285		501	-18.7236
ヌケリャ	抜けりゃ	618		471	-8.8471
ヌルデ	ぬるで	1285		501	-19.2344
ヌイオサエル	縫い押さえる	619		501	-18.9412
ヌキンデ	抜きん出	622		501	-13.2416
ヌマタ	沼田	1290		330	-11.8807
ヌギ	ぬぎ	1285		437	-19.2344
ヌレギヌ	濡れ衣	1285		301	-13.8349
ヌキシ	温し	23		501	-12.0476
ヌグエレ	拭えれ	617		501	-12.5396
ヌスメ	盗め	765		438	-9.1220
ヌレムシロ	濡れ筵	1285		501	-18.7236
ヌクク	温く	35		501	-12.1299
ヌカシャ	吐かしゃ	730		501	-15.1423
ヌキダシ	抜き出し	735		445	-11.3196
ヌクキ	温き	21		501	-12.0470
ヌケダセ	抜出せ	734		501	-17.4704
ヌケダセル	抜け出せる	619		501	-11.3606
ヌノイト	布糸	1285		501	-18.7236
ヌグイ	拭い	832		155	-11.0105
ヌリタテ	塗り立て	622		501	-18.6602
ヌイアゲヨ	縫い上げよ	621		501	-16.8653
ヌイコメロ	縫い込めろ	623		501	-18.2402
ヌメリ		1288		256	-14.4622
ヌケダシ	抜け出し	735		91	-9.6070
ヌルイ	温い	19		501	-12.6711
ヌケオチン	抜け落ちん	620		379	-12.1958
ヌカズク	額衝く	695		501	-14.6770
ヌルイ	緩い	19		304	-17.2858
ヌマタジョウ	沼田城	1288		394	-14.2764
ヌマサワ	沼沢	1285		220	-16.6204
ヌケヌケ	抜け抜け	1281		501	-16.9802
ヌカシ	抜かし	735		427	-10.8587
ヌコ	貫こ	681		481	-17.6140
ヌイコ	縫子	1285		76	-18.7236
ヌマン	沼ん	774		501	-11.4738
ヌスマ	ぬすま	764		501	-14.7732
ヌイ	抜い	687		258	-8.2440
ヌレカガヤク	濡れ輝く	695		501	-14.6770
ヌノゴシ	布漉し	1283		501	-18.1494
ヌチヌチ	ぬちぬち	1281		501	-16.9196
ヌリタク	塗りたく	776		501	-13.5615
ヌデ	樗	1285		128	-18.7236
ヌクトカロ	温とかろ	25		501	-17.9867
ヌ	沼	1288		501	
ヌゲル	脱げる	619		501	-12.6975
ヌ	ぬ゚	1288		501	-20.0000
ヌレムラ	濡れムラ	1285		501	-18.7236
ヌスム	盗む	762		438	-9.1260
ヌイコメリャ	縫い込めりゃ	618		501	-18.2213
ヌカザワ	糠沢	1290		110	-16.9470
ヌケトオル	抜け通る	772		501	-18.4236
ヌカノブ	糠部	1293		501	-17.7008
ヌキダシ	抜き出し	1285		445	-18.7236
ヌキトン	抜き取ん	782		379	-12.5284
ヌキンデ	抽んで	622		501	-18.6602
ヌリツブセリャ	塗りつぶせりゃ	618		501	-16.9781
ヌウ	ぬう	1281		389	-17.6734
ヌクトキ	温とき	21		501	-17.9869
ヌレ	濡れ	622		379	-10.5757
ヌクトカラ	温とから	27		501	-17.9875
ヌグエ	拭え	625		268	-12.5743
ヌカゴ	ぬかご	1285		501	-19.2344
ヌキ	ぬき	982		437	-8.1242
ヌギオク	脱ぎ置く	695		501	-14.6770
ヌケメ	抜目	1285		501	-18.7236
ヌケン	貫けん	620		501	-18.4227
ヌキエリ	抜き襟	1285		501	-18.7236
ヌリボトケ	塗仏	1285		501	-18.7236
ヌケロ	抜けろ	623		471	-8.8660
ヌクトカレ	温とかれ	29		501	-17.9867
ヌギオロス	脱ぎ下ろす	731		501	-17.4749
ヌケダセロ	抜け出せろ	623		501	-11.3527
ヌケ	抜け	1285		155	-19.4167
ヌケガラ	ぬけがら	1285		501	-19.2344
ヌカアメ	ぬか雨	1285		501	-19.2344
ヌッコロ	ぬっころ	1285		501	-19.2344
ヌカドコ	ヌカ床	1285		501	-18.0817
ヌリムラ	塗り斑	1285		501	-18.7236
ヌイツケル	縫い付ける	619		501	-18.6535
ヌククククッ	ぬくくくくッ	3		501	-16.9819
ヌッタリ	沼垂	1288		231	-14.2340
ヌガサ	脱がさ	733		30	-11.9581
ヌキトッ	抜きとっ	786		501	-17.7839
ヌレヨ	塗れよ	621		501	-19.3418
ヌスメヨ	盗めよ	624		501	-14.3461
ヌケダシャ	抜出しゃ	730		501	-17.4712
ヌグイサル	拭い去る	772		501	-18.4236
ヌノオモチャ	布玩具	1285		501	-18.7236
ヌラッ	ぬらっ	1281		501	-17.6734
ヌクケリャ	ぬくけりゃ	15		293	-13.4594
ヌリツケリャ	塗り付けりゃ	618		501	-15.5517
ヌキダス	抜きだす	731		501	-17.2126
ヌゴ	脱ご	724		295	-8.2683
ヌキダセル	抜き出せる	619		501	-16.7514
ヌイトリ	ぬい取り	1285		501	-19.2344
ヌイススメル	縫い進める	619		501	-18.2480
ヌクレオソーム		1288		111	-13.6756
ヌレバ	ぬれ羽	1285		501	-19.2344
ヌイアゲ	縫上げ	622		501	-18.4370
ヌイアテル	縫い当てる	619		501	-18.6535
ヌキトリ	拔取	1285		501	-18.7236
ヌリビナ	塗り雛	1285		501	-18.7236
ヌノヅカイ	布使い	1285		501	-18.7236
ヌキ	緯	1285		128	-14.1166
ヌキイト	抜き糸	1285		501	-18.7236
ヌキシゴト	抜き仕事	1285		501	-18.7236
ヌキダセ	抜きだせ	734		501	-17.2080
ヌサタケ	幣竹	1285		501	-18.7236
ヌノセイ	布製	1285		270	-13.7192
ヌ	怒	1288		501	
ヌイコ	縫い子	1285		501	-18.7236
ヌカズク	額ずく	695		501	-14.6770
ヌレ	塗れ	622		501	-19.3533
ヌキダサ	抜き出さ	733		481	-11.4966
ヌマッ	沼っ	786		501	-11.3646
ヌリカエス	塗り返す	731		501	-17.4749
ヌケアガロ	抜けあがろ	778		501	-18.5469
ヌキワタ	抜き綿	1285		501	-18.7236
ヌリツケレ	塗りつけれ	617		379	-13.9554
ヌクメロ	温めろ	623		379	-18.1861
ヌルマッコイ	ぬるまっこい	19		501	-18.5107
ヌケダセ	抜出せ	729		501	-17.4644
ヌカシャ	抜かしゃ	730		147	-10.9102
ヌイコメル	縫込める	619		501	-18.2480
ヌカリ	抜かり	1285		268	-18.7236
ヌノオムツ	布おむつ	1285		501	-18.7236
ヌケデン	抜け出ん	620		471	-12.9152
ヌマヤマ	沼山	1293		501	-15.6214
ヌタ	汢	1288		501	
ヌマキ	沼木	1290		501	-15.6762
ヌルシ	緩し	23		304	-17.6999
ヌルウ	緩う	31		304	-17.7083
ヌキウチ	抜き打ち	1285		490	-14.0184
ヌレ	ぬれ	784		297	-11.7059
ヌキナ	貫名	1290		251	-17.7354
ヌマグチ	沼口	1290		501	-15.4131
ヌノツナギ	布つなぎ	1285		501	-18.7236
ヌケダセヨ	抜け出せよ	621		501	-11.3558
ヌケダシ	ぬけだし	735		501	-13.3307
ヌケマイリ	抜け参り	1285		501	-18.7236
ヌギオトス	脱ぎ落とす	731		501	-17.4749
ヌリナオシ	塗りなおし	1285		501	-18.7236
ヌギソロエル	脱ぎ揃える	619		501	-18.9412
ヌレテ	濡れ手	1285		501	-18.7236
ヌケテ	抜けて	625	307	17	-10.3385
ヌタ	ぬた	1285		93	-14.4309
ヌカアブラ	糠油	1285		501	-17.9351
ヌルメヨ	温めよ	621		379	-18.0891
ヌケ	貫け	675		481	-17.6178
ヌケオチル	抜落ちる	619		501	-18.4303
ヌマミヤウチ	沼宮内	1293		341	-13.8942
ヌリツブシャ	塗りつぶしゃ	730		256	-11.6203
ヌケアガン	抜けあがん	774		501	-18.5466
ヌキンデ	抜きんで	625		390	-13.8505
ヌルカッ	ヌルかっ	33		501	-13.3740
ヌカ	ぬか	683		17	-11.1138
ヌキハナチ	抜き放ち	743		501	-15.3523
ヌイトメル	縫いとめる	619		501	-18.2480
ヌカ	抜か	683		379	-8.3014
ヌルンッ	ぬるんっ	1281		501	-17.6734
ヌマガヤ	沼茅	1285		501	-18.7236
ヌマヅ	沼津	1293		473	-10.8691
ヌキンデロ	抽んでろ	623		501	-18.6456
ヌキンデロ	抜きんでろ	623		501	-14.0776
ヌケゲ	抜毛	1285		501	-18.7236
ヌキハナチャ	抜き放ちゃ	737		501	-15.3467
ヌオ	ぬお	820		389	-11.0072
ヌリシ	塗師	1285		311	-15.4951
ヌエ	縫え	826		471	-10.2287
ヌキボリ	抜き彫り	1285		501	-18.7236
ヌデ	白膠木	1285		501	-18.7236
ヌキサス	抜き差す	731		501	-17.4749
ヌクモレ	温もれ	784		501	-16.8750
ヌカセ	吐かせ	734		501	-15.1415
ヌイアゲレ	縫上げれ	617		501	-18.4235
ヌイアワサ	縫い合わさ	733		501	-17.0213
ヌリツブシ	ぬりつぶし	1285		501	-19.2344
ヌグエリャ	拭えりゃ	618		501	-12.5198
ヌケダソ	抜出そ	732		501	-17.4724
ヌリコメル	塗りこめる	619		501	-18.2480
ヌカ	ぬか	1285		30	-19.2344
ヌイトメル	縫い止める	619		501	-18.2480
ヌキウツ	抜き打つ	738		501	-17.0770
ヌキンデン	抜きんでん	620		501	-14.0778
ヌイツケレ	縫いつけれ	617		147	-15.8554
ヌマモト	沼本	1290		219	-17.7354
ヌナミ	沼波	1290		501	-15.4947
ヌイアガル	縫い上る	772		501	-18.4236
ヌケ	抜け	675		379	-8.2896
ヌケヤル	抜け遣る	772		501	-18.4236
ヌルマッコキ	ぬるまっこき	21		501	-17.9869
ヌキサシ	抜き差し	1283		379	-13.8019
ヌリコム	塗りこむ	762		501	-17.1905
ヌリツブセル	塗つぶせる	619		501	-18.6535
ヌウ	ぬう	817		389	-11.0501
ヌイコメヨ	縫い込めよ	624		501	-18.2399
ヌスミミ	盗み見	622		501	-13.8212
ヌルイ	微温い	19		501	-17.9999
ヌゲ	脱げ	625		155	-12.6389
ヌナワ	茆	1288		501	
ヌル		1288		45	-14.9417
ヌレエン	濡縁	1285		501	-18.6282
ヌケカワル	抜けかわる	772		501	-18.4236
ヌリケス	塗り消す	731		501	-17.4749
ヌルデザイ	白膠木材	1285		501	-18.6282
ヌイ		1291		149	-16.6319
ヌリツケル	塗り付ける	619		501	-15.5785
ヌケダス	脱け出す	731		501	-17.4749
ヌイ	脱い	727		292	-8.2103
ヌマクマ	沼隈	1290		309	-15.0572
ヌッ	ぬっ	786		297	-11.7318
ヌノワク	布枠	1285		501	-18.7236
ヌクアロファ		1293		166	-14.1090
ヌリキ	緩き	21		304	-17.6992
ヌリイ	温い	19		501	-12.6711
ヌキゾメ	抜き染め	1285		501	-18.7236
ヌグワ	ぬぐわ	823		147	-12.3197
ヌルケレ	ぬるけれ	13		420	-11.4303
ヌクモロ	温もろ	778		501	-16.8754
ヌ	ヌ゙	1288		501	-20.0000
ヌオ	縫お	820		471	-10.2306
ヌキアツメル	抜き集める	619		501	-18.2480
ヌイ		1293		149	-16.6022
ヌノオモチャ	布おもちゃ	1285		501	-18.7236
ヌカブクロ	ぬか袋	1285		501	-19.2344
ヌスット	盗っ人	1285		501	-18.7236
ヌカリミチ	ぬかり道	1285		501	-19.2344
ヌクミズ	温水	1290		122	-19.1500
ヌキンデヨ	抜きん出よ	624		501	-13.2269
ヌックト	ぬっくと	1281		501	-17.6734
ヌシ	塗師	1285		311	-16.0513
ヌケレ	ぬけれ	617		220	-12.2042
ヌルマッコ	ぬるまっこ	11		501	-18.1488
ヌクト	温と	11		501	-18.1488
ヌリイ	ヌリい	19		501	-13.8779
ヌクカラ	ぬくから	27		293	-13.4602
ヌリイ	ぬりい	19		420	-11.9543
ヌリツケヨ	塗り付けよ	621		501	-15.5737
ヌノギレ	布切れ	1285		501	-18.8289
ヌキンデヨ	抜きん出よ	621		501	-13.2301
ヌケダセリャ	抜け出せりゃ	618		501	-11.3338
ヌクメル	温める	619		379	-13.6992
ヌカスケ	糠助	1291		501	-18.1724
ヌケメ	ぬけめ	1285		501	-19.2344
ヌレムシロ	濡れ蓆	1285		501	-18.7236
ヌクヒバ		1293		501	-15.7549
ヌスン	ぬすん	766		501	-14.8115
ヌメア		1288		37	-14.7677
ヌードシャシン	ヌード写真	1288		393	-13.5419
ヌイ	縫い	832		471	-10.2365
ヌスミダセ	盗み出せ	625		501	-18.3560
ヌリエ	塗り絵	1285		445	-13.0510
ヌノキレ	ぬのきれ	1285		501	-19.2344
ヌケデリャ	抜けでりゃ	618		501	-18.6267
ヌイコモ	縫い込も	763		501	-15.7393
ヌグ	揩	1288		501	
ヌルカッ	緩かっ	33		304	-17.7191
ヌリツブセ	塗りつぶせ	625		501	-17.0789
ヌギ	ぬぎ	728		437	-11.4459
ヌーディスト		1285		347	-14.6756
ヌマニ	沼に	1285	151	17	-11.0805
ヌグイ	ぬぐい	832		418	-12.2082
ヌノイタ	布板	1285		501	-18.7236
ヌリツブセン	塗りつぶせん	620		501	-16.9971
ヌイ	ぬい	832		74	-10.8057
ヌイ		1288		149	-13.7856
ヌキツラネロ	抜き連ねろ	623		501	-18.0860
ヌリツブセ	塗りつぶせ	734		256	-11.6194
ヌルウ	温う	31		501	-12.1563
ヌガシ	脱がし	735		418	-11.9934
ヌカソウ	ぬか層	1285		501	-18.9467
ヌキサシ	抜差	1285		501	-18.7236
ヌイハク	ぬいはく	1285		501	-18.9467
ヌキトン	抜きとん	782		501	-17.7581
ヌケカン	ヌケ感	1285		501	-18.0304
ヌカサ	ぬかさ	733		501	-12.6408
ヌカタノ	額田	1293		72	-15.6837
ヌキカッ	温かっ	33		501	-12.0668
ヌキトロ	抜きとろ	778		501	-17.7584
ヌマクナイ	沼宮内	1290		341	-17.0423
ヌリタクリャ	塗りたくりゃ	770		501	-13.5592
ヌノウリ	布売り	1285		501	-18.7236
ヌリツケン	塗付けん	620		501	-18.6458
ヌクモリ	ぬくもり	1285		389	-13.0396
ヌカソ	ぬかそ	732		501	-12.6218
ヌスマ	盗ま	764		30	-9.0581
ヌリュ	ぬりゅ	1281		501	-17.4704
ヌケ	ぬけ	625		155	-12.0028
ヌレン	塗れん	620		501	-19.3389
ヌリカエヨ	塗り替えよ	621		377	-11.3374
ヌード		1285		324	-12.4791
ヌリカエル	塗りかえる	619		501	-18.9412
ヌカビラ	糠平	1293		129	-14.3142
ヌケ	抜け	622		471	-8.8805
ヌキズリ	抜刷り	1285		501	-18.7236
ヌメル	ヌメる	772		501	-17.4681
ヌゲヨ	脱げよ	621		501	-12.6927
ヌニェス		1288		472	-14.5523
ヌマクラマナミ	沼倉愛美	1289		122	-15.7050
ヌキツラネン	抜き連ねん	620		501	-18.0862
ヌノイチチョウ	布市町	1293		501	-17.7008
ヌン	ぬん	782		297	-11.7060
ヌレガミ	濡髪	1285		501	-18.7236
ヌルイ	溜井	1293		102	-13.7180
ヌクシナ	温品	1290		110	-15.9776
ヌキンデル	抜きんでる	619		501	-14.0855
ヌリウ	温う	31		501	-12.1563
ヌクモリャ	温もりゃ	770		501	-16.8750
ヌリムラ	塗りむら	1285		501	-18.7236
ヌクミメル	生見愛瑠	1289		122	-12.2040
ヌカボタル	糠蛍	1285		501	-18.7236
ヌクモリ	温もり	1285		307	-12.5021
ヌエ		1285		483	-18.0817
ヌイトリ	縫取り	1285		501	-18.7236
ヌノヅツミ	布包み	1285		501	-18.7236
ヌグエ	ぬぐえ	826		147	-12.3094
ヌルメ	ぬるめ	1287		501	-18.0477
ヌキミ	抜き身	1285		501	-18.7236
ヌシ		1285		297	-18.0304
ヌイシロ	縫いしろ	1285		501	-18.7236
ヌリノコシ	塗り残し	1285		501	-18.7236
ヌガソ	脱がそ	732		438	-11.9607
ヌマン	沼ん	782		501	-11.4738
ヌクレオシド		1288		83	-14.6837
ヌグイウルシ	拭漆	1285		501	-18.7236
ヌグエヨ	拭えよ	621		501	-12.5417
ヌスミギキ	盗み聞き	1285		161	-14.2494
ヌリツケリャ	塗りつけりゃ	618		379	-13.9356
ヌルン	温ん	766		501	-15.0654
ヌリツブセ	塗り潰せ	734		501	-13.1663
ヌレソボチ	濡れそぼち	743		501	-15.7507
ヌカタ	額田	1293		72	-13.1995
ヌクトキャ	ぬくときゃ	17		501	-15.9072
ヌキンデン	抜きん出ん	620		501	-13.2273
ヌケイル	抜け入る	772		501	-18.4236
ヌイアワセ	縫い合わせ	729		501	-16.9944
ヌキカレ	温かれ	29		501	-12.0467
ヌケデヨ	抜けでよ	621		501	-18.6487
ヌスミダセ	盗み出せ	734		438	-12.1134
ヌイアゲリャ	縫上げりゃ	618		501	-18.4036
ヌシ	主	1298		169	-9.4025
ヌケヨ	ぬけよ	624		220	-12.2030
ヌリツメル	塗り詰める	619		501	-18.2480
ヌリナオス	塗りなおす	731		501	-17.4749
ヌナカワヒメ	奴奈川姫	1289		501	-17.9060
ヌマチ	沼地	1285		220	-13.2349
ヌルデ	白膠木	1285		501	-17.4152
ヌルマッコカッ	ぬるまっこかっ	33		501	-18.0067
ヌレネズミ	濡れねずみ	1285		501	-18.7236
ヌイノコス	縫い残す	731		501	-17.4749
ヌレル	塗れる	619		501	-15.5619
ヌクウ	温う	31		501	-12.0560
ヌカアブラ	ぬか油	1285		501	-19.2344
ヌルビ	ぬる火	1285		501	-19.2344
ヌリュッ	ぬりゅっ	1281		501	-17.6734
ヌリツケロ	塗りつけろ	623		379	-13.9544
ヌレソボタ	濡れそぼた	740		501	-15.7474
ヌイコマ	縫い込ま	764		501	-15.7471
ヌリツケヨ	塗りつけよ	621		379	-13.9575
ヌスミダサ	盗み出さ	733		438	-12.1343
ヌキツラネ	抜き連ね	622		501	-18.1005
ヌエル	縫える	619		501	-14.8238
ヌエヨ	縫えよ	624		501	-14.8157
ヌラシアウ	濡らし合う	817		501	-18.2869
ヌカリャ	抜かりゃ	770		501	-13.6613
ヌリマクラ	塗枕	1285		501	-18.7236
ヌレン	濡れん	620		379	-10.5614
ヌスミ	盗み	767		438	-9.1368
ヌマス	沼須	1293		501	-16.3145
ヌグエン	拭えん	620		501	-12.5388
ヌリ	塗り	788		242	-9.4106
ヌーヴェルヴァーグ		1289		179	-12.8574
ヌイアワセ	縫い合わせ	622		256	-13.6221
ヌク		973		501	-15.0014
ヌルカロ	温かろ	25		501	-12.1470
ヌキトレル	抜き取れる	619		501	-17.8206
ヌサマイ	ぬさまい	1293		501	-18.3940
ヌクキ	ぬくき	21		293	-13.4596
ヌケガケ	抜駆け	1285		501	-18.7236
ヌリツブセレ	塗りつぶせれ	617		501	-16.9980
ヌリノコス	塗り残す	731		501	-17.4749
ヌカノブグン	糠部郡	1288		72	-15.0041
ヌキガキ	抜き書き	1285		501	-18.7236
ヌマシタ	沼下	1290		501	-17.7354
ヌリツケヨ	塗り付けよ	624		501	-15.5704
ヌギステロ	脱ぎ捨てろ	623		379	-12.5439
ヌマノダイラ	沼平	1293		501	-17.7008
ヌイアゲル	縫い上げる	619		501	-16.8701
ヌキハナッ	抜き放っ	742		501	-15.4004
ヌクメヨ	温めよ	624		379	-18.1859
ヌカ	抜か	967		30	-6.8617
ヌスミギキ	盗み聞き	1283		161	-18.1494
ヌキダシャ	抜きだしゃ	730		501	-17.2089
ヌレナワ	濡れ縄	1285		501	-18.7236
ヌリウ	緩う	31		304	-17.7083
ヌシサン	主さん	1298	1302	17	-12.1585
ヌケデヨ	抜けでよ	624		501	-18.6454
ヌストモリ	盗森	1293		501	-17.7008
ヌリケレ	温けれ	13		501	-12.1470
ヌキサラス	抜き晒す	731		501	-17.4749
ヌルム	温む	762		501	-15.0195
ヌエ	ぬえ	826		389	-11.0459
ヌスミミレ	盗み見れ	617		501	-13.8077
ヌリモノ	塗物	1285		4	-18.7236
ヌ	帑	1288		501	
ヌサ	ぬさ	1285		501	-19.2344
ヌリアガル	塗り上がる	772		501	-18.4236
ヌリカゴ	塗り駕籠	1285		501	-18.7236
ヌキガキ	抜き書	1285		501	-18.7236
ヌギ	脱ぎ	728		295	-8.2772
ヌーボー		1285		448	-15.8444
ヌスミグイ	盗み食い	1283		155	-18.1494
ヌマノ	沼野	1290		501	-15.2914
ヌマロ	沼ろ	778		501	-11.4741
ヌルカラ	ぬるから	27		420	-11.4311
ヌ	奴	1288		501	
ヌスミ	ぬすみ	767		501	-14.7765
ヌリエ	ぬり絵	1285		501	-15.0651
ヌルマッコウ	ぬるまっこう	31		501	-17.9960
ヌーベルフランス		1288		373	-13.9905
ヌクトク	温とく	35		501	-18.0699
ヌスミザケ	盗み酒	1285		501	-18.7236
ヌクレオチド		1288		83	-13.2082
ヌルキャ	ヌルきゃ	17		501	-13.3539
ヌクモル	温もる	772		501	-16.7521
ヌリツケ	塗りつけ	625		276	-13.9420
ヌリタマゴ	塗り卵	1285		501	-18.7236
ヌアクショット		1293		272	-14.0119
ヌスメ	ぬすめ	765		501	-14.7617
ヌカタグン	額田郡	1288		72	-14.5341
ヌラリクラリ	ぬらりくらり	1281		501	-16.7571
ヌク	貫	1288		501	
ヌ	拔	1288		501	
ヌサブクロ	幣袋	1285		501	-18.7236
ヌリタテン	塗立てん	620		501	-18.6458
ヌマヅ	ぬまづ	1293		501	-18.3940
ヌノハシ	布はし	1285		501	-18.7236
ヌイモノ	縫もの	1285		501	-18.7236
ヌイアワセ	縫い合わせ	625		60	-13.5045
ヌノハナ	布鼻	1293		501	-17.7008
ヌカズク	叩頭く	695		501	-14.6770
ヌリツブス	塗り潰す	731		501	-13.1709
ヌグエル	拭える	619		501	-12.5465
ヌリイタ	塗り板	1285		501	-18.7236
ヌリツケ	塗付け	625		501	-18.7275
ヌノカワ	布河	1290		501	-17.7354
ヌキツラネヨ	抜き連ねよ	624		501	-18.0858
ヌキ		1285		501	-17.9816
ヌイドマリ	縫い止まり	1285		501	-18.7236
ヌレコケ	濡れ苔	1285		501	-18.7236
ヌ		1285		254	-14.0169
ヌイモノ	縫物	1285		501	-18.7236
ヌマ	沼	1290		220	-11.9704
ヌキトリャ	抜きとりゃ	770		501	-17.7580
ヌシ		1288		297	-14.0864
ヌノバコ	布箱	1285		501	-18.7236
ヌケサク	抜け作	1285		501	-18.6282
ヌリツブセ	塗りつぶせ	729		256	-11.6134
ヌルカン	ぬる燗	1285		501	-18.9467
ヌリツケ	塗りつけ	622		379	-13.9690
ヌキガワ	貫河	1293		501	-17.7008
ヌノハラ	布原	1293		501	-16.5069
ヌクイ	温井	1293		148	-13.7968
ヌマリャ	沼りゃ	770		501	-11.4737
ヌレマイ	濡れ米	1285		501	-18.6282
ヌ		1289		254	-17.9060
ヌシマ	沼島	1293		385	-13.8172
ヌレイロ	濡れ色	1285		501	-18.7236
ヌキヨミ	抜読み	1285		501	-18.7236
ヌギキ	脱ぎ着	1283		501	-18.1494
ヌケデル	抜けでる	619		501	-18.6535
ヌレ	塗れ	768		379	-9.4324
ヌキハナテ	抜き放て	741		501	-15.3408
ヌクククク	ぬくくくく	3		501	-16.9819
ヌエノ	鵺野	1290		501	-15.8606
ヌノゴシ	布ごし	1283		501	-18.1494
ヌキホ	抜き穂	1285		501	-18.7236
ヌキズリ	抜き刷	1285		501	-18.7236
ヌタリノ	渟足	1293		3	-17.7008
ヌキトレル	抜取れる	619		501	-19.3466
ヌケデレ	抜け出れ	617		471	-12.9160
ヌリモドス	塗り戻す	731		501	-17.4749
ヌスビト	盗人	1285		74	-13.8681
ヌイグルミ	縫い包み	1285		501	-18.7236
ヌリツケル	塗付ける	619		501	-18.6535
ヌラ	ぬら	1281		389	-17.6734
ヌリタテル	塗り立てる	619		501	-18.6535
ヌリツブセ	塗りつぶせ	622		501	-17.0115
ヌカタノオオキミ	額田王	1289		10	-13.6178
ヌグエ	ぬぐえ	814		147	-12.3090
ヌイコン	縫い込ん	766		501	-15.7855
ヌキエリ	抜襟	1285		501	-18.7236
ヌスミャ	ぬすみゃ	761		501	-14.7615
ヌリタクロ	塗りたくろ	778		501	-13.5597
ヌルカロ	緩かろ	25		304	-17.6990
ヌイモン	縫い紋	1285		501	-18.6282
ヌキウチ	抜き討ち	1285		501	-18.7236
ヌリツブス	塗りつぶす	731		256	-11.6239
ヌマクマ	沼隈	1293		309	-14.7564
ヌナカワ	奴奈川	1289		501	-17.9060
ヌイシロ	縫い代	1285		501	-15.4464
ヌノキレ	布切れ	1285		501	-18.6282
ヌイメ	縫目	1285		501	-18.7236
ヌギ	脱ぎ	1285		295	-18.8289
ヌキトル	抜きとる	772		501	-17.6352
ヌイハサム	縫いはさむ	762		501	-17.1905
ヌノメ	布目	1290		256	-14.6721
ヌク	抜く	679		379	-8.2855
ヌキヤマ	抜山	1285		501	-18.2895
ヌ	ヌ゚	1288		501	-20.0000
ヌイトジル	縫いとじる	619		501	-18.4303
ヌケアガッ	抜けあがっ	786		501	-18.5724
ヌノオムツ	布オムツ	1285		501	-18.7236
ヌケル	ヌケる	919		501	-17.2110
ヌル		1289		45	-13.4762
ヌキキャ	温きゃ	17		501	-12.0467
ヌキ	ぬき	689		17	-11.1170
ヌリツブセル	塗りつぶせる	619		501	-17.0048
ヌスミダシャ	盗み出しゃ	730		438	-12.1142
ヌキトレ	抜き取れ	784		379	-12.5283
ヌレ	ぬれ	768		297	-11.7060
ヌスミミ	盗み見	625		427	-13.7997
ヌギサル	脱ぎ去る	772		501	-18.4236
ヌッ	ぬっ	829		389	-11.0810
ヌードル		1285		391	-14.2419
ヌ	ぬ	510		17	-6.4679
ヌイコ	ぬい子	1291		501	-17.8847
ヌルウ	ぬるう	31		420	-11.4396
ヌキデ	抜きで	1285	149	17	-11.2457
ヌルユ	温湯	1285		392	-18.7236
ヌマクナイ	沼宮内	1293		341	-17.4131
ヌキソバメル	抜きそばめる	619		501	-18.2480
ヌイモノ	縫い物	1283		501	-14.6499
ヌクメリャ	温めりゃ	618		379	-18.1672
ヌキトロ	抜き取ろ	778		379	-12.5287
ヌスミダソ	盗み出そ	732		438	-12.1154
ヌケン	抜けん	620		471	-8.8662
ヌケオチ	抜け落ち	625		155	-11.9833
ヌコ	抜こ	681		379	-8.2858
ヌヒ	奴婢	1285		275	-13.4180
ヌカタベノ	ぬかたべの	1290		501	-18.2463
ヌキンデリャ	抽んでりゃ	618		501	-18.6267
ヌスミサル	盗み去る	772		501	-18.4236
ヌグウ	ぬぐう	817		147	-12.3135
ヌギチラス	脱ぎ散らす	731		501	-17.4749
ヌクトケレ	ぬくとけれ	13		501	-15.9072
ヌスミ	ぬすみ	1285		501	-19.2344
ヌキ	抜き	982		63	-6.9863
ヌレネコ	濡れ猫	1285		501	-18.7236
ヌノタ	布田	1290		200	-14.0238
ヌイアゲリャ	縫い上げりゃ	618		501	-16.8434
ヌカ	奴可	1293		501	-17.7008
ヌリバコ	塗り箱	1285		501	-18.7236
ヌケミチ	抜け道	1285		109	-13.2652
ヌキトリャ	抜き取りゃ	770		379	-12.5282
ヌクモリ	温もり	788		501	-16.8791
ヌヴェール		1288		492	-14.9190
ヌケタ	抜けた	625	435	17	-10.8430
ヌキツケ	抜き付け	1285		501	-18.7236
ヌイアワセヨ	縫い合わせよ	621		256	-13.6106
ヌキアワセル	抜き合わせる	619		501	-18.6535
ヌスミダス	盗みだす	731		501	-17.4749
ヌエバ・エスパーニャ		1288		373	-14.1013
ヌリナオシ	塗り直し	1285		501	-18.7236
ヌメカワ	滑革	1285		501	-18.7236
ヌナ		1288		501	-13.6215
ヌリタテ	塗立	1285		501	-18.7236
ヌガシャ	脱がしゃ	730		438	-11.9596
ヌレテ	濡手	1285		501	-18.7236
ヌギキ	ぬぎ着	1283		501	-19.0249
ヌイ	沼藺	1291		501	-18.1724
ヌケル	抜る	919		501	-18.2406
ヌマ	沼	776		501	-11.4760
ヌクト	ぬくと	11		501	-16.0694
ヌグイトル	拭い取る	772		501	-18.4236
ヌルカッ	温かっ	33		501	-12.1671
ヌスミダシ	盗み出し	735		91	-12.0779
ヌクモレ	温もれ	768		501	-16.8751
ヌスメ	盗め	625		501	-14.4282
ヌギステル	脱ぎ棄てる	619		501	-18.6535
ヌスミダセロ	盗み出せろ	623		501	-18.2741
ヌルメリャ	温めりゃ	618		379	-18.0671
ヌケアナ	ぬけあな	1285		501	-19.0802
ヌリタクン	塗りたくん	774		501	-13.5593
ヌリノミ	奴理能美	1289		501	-17.9060
ヌルケレ	温けれ	13		501	-12.1470
ヌル	溜	1288		501	
ヌレナワ	ぬれ縄	1285		501	-19.2344
ヌー		1285		499	-14.9169
ヌキダセン	抜き出せん	620		501	-16.7437
ヌクレアーゼ		1288		83	-14.5623
ヌクモリカン	ぬくもり感	1285		501	-18.9467
ヌリタテ	塗りたて	1285		501	-18.7236
ヌルメ	温め	1287		276	-17.8935
ヌレバ	ぬれ場	1285		501	-19.2344
ヌロ	ぬろ	778		297	-11.7063
ヌケ	ぬけ	675		17	-11.1021
ヌマチ	ぬま地	1285		501	-18.9467
ヌルカレ	ぬるかれ	29		420	-11.4303
ヌリカエル	塗り換える	619		501	-18.9412
ヌノハシ	布端	1285		501	-18.7236
ヌリツケン	塗りつけん	620		379	-13.9546
ヌレバ	濡羽	1285		501	-18.7236
ヌルカレ	温かれ	29		501	-12.1470
ヌグイガミ	拭い紙	1285		501	-18.7236
ヌリエ	ぬりえ	1288		80	-13.8004
ヌカテ	糠手	1291		501	-18.1724
ヌスミトル	盗みとる	772		501	-18.4236
ヌリタテ	塗り立て	1285		501	-18.7236
ヌマル	沼る	772		501	-11.3508
ヌイツナグ	縫いつなぐ	723		501	-16.2392
ヌスメ	盗め	760		438	-9.1219
ヌキトン	抜取ん	774		501	-18.5466
ヌノエ	布枝	1291		49	-15.3392
ヌケアガル	抜け上がる	772		501	-18.4236
ヌイ	縫い	1285		60	-13.6285
ヌグエ	拭え	814		418	-11.0801
ヌマタハン	沼田藩	1288		108	-14.4413
ヌクモン	温もん	774		501	-16.8751
ヌイ	抜い	977		258	-7.1670
ヌケイデル	抜け出でる	619		501	-18.6535
ヌラセ	濡らせ	729		379	-11.1239
ヌキトリ	抜き取り	1285		174	-14.9019
ヌスミワライ	盗み笑い	1285		501	-18.7236
ヌリカワル	塗り替わる	772		501	-18.4236
ヌリタクッ	塗りたくっ	786		501	-13.4249
ヌキダソ	抜きだそ	732		501	-17.2100
ヌレソボチャ	濡れそぼちゃ	737		501	-15.7451
ヌレエン	ぬれ縁	1285		501	-18.9467
ヌマタ	ぬま田	1285		501	-15.3913
ヌスミキク	盗みきく	695		501	-14.6770
ヌキツラネリャ	抜き連ねりゃ	618		501	-18.0671
ヌメカワ	ヌメ革	1285		501	-18.0817
ヌデジマ	橳島	1293		501	-17.7008
ヌグオ	ぬぐお	820		147	-12.3113
ヌキンデン	擢んでん	620		501	-18.6458
ヌグイ	ぬぐい	1285		418	-19.2344
ヌイタ	抜いた	687	435	17	-11.2833
ヌルマ	温ま	764		501	-15.0270
ヌクトカレ	ぬくとかれ	29		501	-15.9072
ヌキワスレ	抜き忘れ	1285		501	-18.7236
ヌケメ	抜けめ	1285		501	-18.7236
ヌクカロ	温かろ	25		501	-12.0467
ヌラス	濡らす	731		379	-11.1344
ヌギステヨ	脱ぎ捨てよ	621		379	-12.5469
ヌキニ	抜きに	1285	151	17	-11.3373
ヌクトシ	温とし	23		501	-17.9876
ヌマクラ	沼倉	1290		330	-15.1891
ヌクウ	ぬくう	31		293	-13.4687
ヌマリ	沼り	788		501	-11.4707
ヌマガメ	ぬまがめ	1285		501	-19.2344
ヌリツブセル	塗潰せる	619		501	-18.6535
ヌマ		1285		443	-18.0817
ヌリタテロ	塗立てろ	623		501	-18.6456
ヌスン	盗ん	766		292	-9.0711
ヌキトラ	抜き取ら	780		379	-12.5335
ヌイコメン	縫い込めん	620		501	-18.2403
ヌリカエリャ	塗り替えりゃ	618		377	-11.3154
ヌマタ	沼田	1285		330	-13.3158
ヌギステ	脱ぎ捨て	625		276	-12.3976
ヌリタス	塗り足す	731		501	-17.4749
ヌキトレロ	抜き取れろ	623		501	-17.8127
ヌカン	抜かん	774		501	-13.6614
ヌノビキ	布引	1285		231	-14.4144
ヌルメ	ぬるめ	765		501	-12.8829
ヌリタテリャ	塗立てりゃ	618		501	-18.6267
ヌキンデヨ	擢んでよ	621		501	-18.6487
ヌキンデロ	擢んでろ	623		501	-18.6456
ヌグイツケル	拭い付ける	619		501	-18.6535
ヌケアゲル	抜け上げる	619		501	-18.4303
ヌルッ	ぬるっ	1281		501	-17.6734
ヌノグツ	布靴	1285		501	-18.7236
ヌギステ	脱ぎ捨て	622		379	-12.5584
ヌノヤ	布や	1285		501	-18.7236
ヌスミミ	ぬすみ見	1283		501	-18.8426
ヌリアゲ	塗り上げ	1285		501	-18.7236
ヌキ	ぬき	1285		437	-13.2212
ヌルキ	ヌルき	21		501	-13.3541
ヌリコメル	塗り籠める	619		501	-18.2480
ヌタウナギ	沼田鰻	1285		501	-18.7236
ヌルヌルッ	ぬるぬるっ	1281		501	-17.6734
ヌキアシ	抜き足	1285		501	-16.7412
ヌルヌル	ぬるぬる	1281		93	-12.4781
ヌカヨロコビ	糠喜び	1285		501	-17.2557
ヌグッ	ぬぐっ	829		147	-12.3214
ヌッテ	塗って	786	307	17	-10.6336
ヌルマッコカロ	ぬるまっこかろ	25		501	-17.9867
ヌマダテ	沼舘	1290		501	-17.7354
ヌイイト	縫い糸	1285		501	-16.3202
ヌケオチヨ	抜け落ちよ	621		379	-12.1987
ヌケニ	抜け荷	1285		501	-18.7236
ヌク	温	11		501	-12.2089
ヌマメ	沼目	1290		501	-16.2094
ヌケダサ	抜出さ	733		501	-17.4913
ヌリコクル	塗りこくる	772		501	-18.4236
ヌギステリャ	脱ぎ捨てりゃ	618		379	-12.5250
ヌタゴロモ	ぬた衣	1285		501	-19.2344
ヌグッ	拭っ	829		418	-11.1155
ヌクイ	温い	19		501	-12.5708
ヌデ		1285		501	-18.0817
ヌイアゲヨ	縫上げよ	621		501	-18.4255
ヌリゴメ	塗篭	1285		501	-18.7236
ヌリグスリ	塗薬	1285		501	-18.7236
ヌレヌレ	濡れ濡れ	1281		501	-17.8069
ヌレテ	ぬれ手	1285		501	-19.2344
ヌゥ	ぬぅ	3		501	-16.9819
ヌミディア		1288		146	-13.5276
ヌラリ	ぬらり	1281		501	-14.4747
ヌクトウ	ぬくとう	31		501	-15.9166
ヌルハチ		1289		135	-12.0675
ヌクトイ	ぬくとい	19		501	-16.4313
ヌレバ	濡れ羽	1285		501	-18.7236
ヌリマクラ	塗り枕	1285		501	-18.7236
ヌルン	ぬるん	1281		501	-17.6734
ヌイハク	縫箔	1285		256	-18.6282
ヌスム	窃む	762		501	-17.0363
ヌルカレ	緩かれ	29		304	-17.6990
ヌリエ	塗絵	1285		501	-18.6282
ヌケヨ	ぬけよ	621		220	-12.2063
ヌリゴコチ	塗り心地	1285		501	-18.7236
ヌケグチ	抜け口	1285		501	-18.7236
ヌイツケ	縫いつけ	625		147	-15.9364
ヌナハラ	渟中原	1293		501	-17.7008
ヌケダセル	脱け出せる	619		501	-18.6535
ヌイアゲヨ	縫上げよ	624		501	-18.4223
ヌカロ	抜かろ	778		501	-13.6617
ヌチャ	ぬちゃ	1281		501	-12.9112
ヌックリ	ぬっくり	1281		501	-16.7275
ヌイケス	縫い消す	731		501	-17.4749
ヌタ		1285		501	-18.0817
ヌルビ	微温火	1285		501	-18.7236
ヌリタテリャ	塗り立てりゃ	618		501	-18.6267
ヌリカラ	緩から	27		304	-17.6998
ヌグエヨ	拭えよ	624		501	-12.5384
ヌイナオシ	縫直し	1285		501	-18.7236
ヌリヌリ	塗り塗り	1283		501	-18.1494
ヌキカロ	温かろ	25		501	-12.0467
ヌケ	抜け	625		155	-8.7623
ヌイコメ	縫い込め	765		501	-15.7357
ヌカリ	抜かり	788		268	-13.2748
ヌマタシ	沼田市	1293		18	-13.2629
ヌイコ	縫子	1291		76	-15.1968
ヌキケリャ	温けりゃ	15		501	-12.0467
ヌキガキ	ぬきがき	1285		501	-19.2344
ヌクトカロ	ぬくとかろ	25		501	-15.9072
ヌスミノミ	盗み飲み	1283		501	-18.1494
ヌイドノ	縫殿	1285		497	-18.7236
ヌデ	橳	1285		501	-19.4167
ヌラセ	濡らせ	734		379	-11.1299
ヌキトレリャ	抜き取れりゃ	618		501	-17.7938
ヌケデ	抜け出	625		155	-12.7319
ヌキギリ	抜き伐り	1285		501	-18.7236
ヌクメレ	温めれ	617		379	-18.1871
ヌカリ	ぬかり	788		501	-14.4145
ヌイモノ	縫いもの	1285		501	-18.7236
ヌレボトケ	濡れ仏	1285		501	-18.7236