сЃЕсЃ│сѓ╣сѓд	С╣▒ТЋ░	1285		45	-12.7880
сЃЕсЃ»сЃФсЃћсЃ│сЃЄсѓБ		1293		230	-14.4427
сЃЕсЃ│сѓ▒сѓц	тЇхтйб	1285		501	-18.6282
сЃЕсѓцсѓИсЃД	жа╝тіЕ	1289		501	-16.3800
сЃЕсЃ│сѓ┤	С╣▒тЙї	1285		501	-18.6282
сЃЕсѓ»сЃЂсЃДсѓд	УљйТй«	1285		501	-18.6282
сЃЕсЃћсЃЃсЃЅ		1285		105	-14.7715
сЃЕсЃ▓	сѓЅсѓњ	1298	156	17	-10.6514
сЃЕсѓцсЃќ	УљіУЋф	1293		501	-17.7008
сЃЕсѓ░сѓ»	сЃЕсѓ░сЂЈ	35		501	-12.2074
сЃЕсЃ│сѓ░сЃЅсѓисЃБ		1288		501	-14.9334
сЃЕсѓ»сЃњсЃ│	ТЦйУ▓Д	1285		501	-18.6282
сЃЕсЃ│сЃѕсѓд	УўГтАћ	1285		501	-18.6282
сЃЕсѓисѓц		43		48	-11.3839
сЃЕсЃ│сѓИсЃБсѓ┐сѓц	УўГтЦбтЙЁ	1288		32	-14.9334
сЃЕсѓцсЃќсЃЕсЃф	сѓЅсЂёсЂХсѓЅсѓі	1285		501	-18.5412
сЃЕсЃгсЃФсЃ│	сѓЅсѓїсѓІсѓЊ	870	1310	17	-10.5220
сЃЕсѓцсЃдсѓд	ТЮЦжЂі	1283		271	-15.5418
сЃЕсЃ│сЃђсЃасЃЈсѓцсЃЋ	сЃЕсЃ│сЃђсЃажЁЇтИЃ	1285	1283	17	-13.5217
сЃЕсѓ»сѓисЃЦ	Уљйждќ	1285		495	-15.3078
сЃЕсѓцсЃќсѓисЃ╝сЃ│		1288		501	-14.6374
сЃЕсЃѕ	сѓЅсЂе	1298	150	17	-11.0645
сЃЕсЃгсЃъсѓ╗сЃ│	сѓЅсѓїсЂЙсЂЏсѓЊ	876	515	17	-10.3464
сЃЕсѓцсЃќсЃ╗сѓбсЃФсЃљсЃа		1288		478	-12.8005
сЃЕсЃЂ	сѓЅсЂА	1285		99	-13.6408
сЃЕсЃгсЃФсЃбсЃј	сѓЅсѓїсѓІсѓѓсЂ«	870	1310	17	-10.5424
сЃЕсЃ│сѓ┐сЃјсѓцсЃЅ		1285		83	-13.9771
сЃЕсЃфсЃЦсѓесЃФ		1285		501	-15.2896
сЃЕсѓцсѓисЃ│	жа╝С┐А	1285		148	-15.4669
сЃЕсЃ│сЃЅсѓ╣сѓ▒сЃ╝сЃЌ		1289		84	-13.3786
сЃЕсЃЏсѓд	уЙЁТюІ	1289		501	-17.9060
сЃЕсѓцсЃќсЃгсЃЮсЃ╝сЃѕ		1288		501	-14.5767
сЃЕсѓИсѓфсЃІсЃЃсЃЮсЃ│	сЃЕсѓИсѓфТЌЦТюг	1288		305	-12.9918
сЃЕсЃ│сЃђсѓд		1288		65	-14.0758
сЃЕсѓ░сЃі		1293		149	-12.8338
сЃЕсЃЄсѓБсЃЃсЃё		1289		26	-13.1415
сЃЕсЃ│сЃЂсѓГ	сѓЅсѓЊсЂАсЂЇ	1285		501	-18.9467
сЃЕсѓцсѓ║	rise	1289		376	-13.1897
сЃЕсЃ│сѓХсЃё	С╣▒жЏЉ	1287		169	-12.4368
сЃЕсѓ»сѓГсЃДсѓд	ТЦйтбЃ	1285		501	-18.6282
сЃЕсѓИсѓфсЃІсЃЦсЃ╝сѓ╣		1288		501	-14.1793
сЃЕсѓцсЃќсЃЅсѓб		1292		378	-11.1586
сЃЕсѓ»сѓцсЃ│	УљйУЃц	1285		10	-14.2138
сЃЕсѓФсЃ│	уЙЁт╣╣	1289		501	-16.1482
сЃЕсЃгсѓ┐сЃјсЃЈ	сѓЅсѓїсЂЪсЂ«сЂ»	876	261	17	-11.2747
сЃЕсЃ┤		1285		203	-13.4217
сЃЕсѓцсЃЇсЃ│сЃЅ	ТЮЦт╣┤т║д	1314		436	-11.6109
сЃЕсѓ│	сѓЅсЂЊ	1289		99	-11.8015
сЃЕсѓцсѓФсЃЪсЃ│сѓ░		1288		254	-15.7505
сЃЕсЃ╝сЃъ		1290		222	-11.9155
сЃЕсѓцсѓФсЃ│	ТЮЦУд│	1283		501	-15.9861
сЃЕсЃ│сѓ┐сѓц	у▒ЃУЃј	1285		501	-18.6282
сЃЕсѓцсѓ┐сЃ╝	writer	1285		277	-17.8906
сЃЕсѓцсѓ▒сЃ│	ТЮЦуюї	1285		300	-18.6282
сЃЕсЃ│сѓцсЃ│сѓхсѓ»сѓ╗сЃ│	УўГтЇ░СйюТѕд	1288		53	-14.6061
сЃЕсѓ║	Laz	1289		122	-21.5700
сЃЕсѓцсЃєсЃ│	ТЮЦсЂдсѓЊ	1283		501	-13.6439
сЃЕсѓцсЃњсѓисЃЦсѓ┐сЃЃсЃѕсѓ│сѓд	сЃЕсѓцсЃњсѓисЃЦсѓ┐сЃЃсЃѕтЁг	1288		501	-14.7980
сЃЕсѓц	жє┤	1288		501	
сЃЕсѓцсЃЈсѓц	уд«ТІЮ	1283		501	-18.0694
сЃЕсѓцсЃќсѓг	сЃЕсѓцсЃќсЂї	1285	148	17	-11.0709
сЃЕсЃЌсЃЕсѓ╣		1292		65	-11.5659
сЃЕсѓИсЃФсЃЕсѓИсЃФ	сѓЅсЂўсѓІРўЁсѓЅсЂўсѓІ	1288		476	-14.6545
сЃЕсѓ░		1285		384	-16.3330
сЃЕсѓцсѓФсЃ│	жЏиу«А	1285		174	-14.0645
сЃЕсѓцсѓг	ТЮЦжДЋ	1285		501	-18.6282
сЃЕсѓцсЃЋсѓд	жЏижбе	1285		501	-18.6282
сЃЕсЃъсЃђ		1288		501	-14.4991
сЃЕсЃ│сЃфсЃДсѓдсѓфсѓд	УўГжЎхујІ	1288		389	-14.8763
сЃЕсЃђсЃа		1285		164	-15.3104
сЃЕсЃЊсЃЃсЃѕ		1289		203	-12.6041
сЃЕсЃ╝сѓ»		1288		448	-14.3437
сЃЕсЃѕсЃ╝сЃц		1289		501	-14.7970
сЃЕсЃ╝сЃісЃ╝		1288		470	-14.3476
сЃЕсѓцсЃќсЃЊсЃЦсЃ╝сѓцсЃ│сѓ░		1288		172	-13.9209
сЃЕсЃ│сЃЮсЃ│	УЌЇТюг	1285		501	-17.5057
сЃЕсѓ»сѓ╣		1289		459	-12.6373
сЃЕсѓ╣сѓ┐сЃЋсѓАсЃфсѓдсЃ│сЃЅсѓд	сЃЕсѓ╣сѓ┐сЃЋсѓАсЃфжЂІтІЋ	1292		412	-13.5768
сЃЕсЃќсЃд	сѓЅсЂХсѓє	1285		17	-13.5217
сЃЕсѓцсЃЋсѓ»	ТЮЦтЙЕ	1285		501	-17.8906
сЃЕсЃгсЃФсЃѕ	сѓЅсѓїсѓІсЂе	870	309	17	-10.4829
сЃЕсЃЃсѓГсЃДсѓд	УљйТЕІ	1285		425	-18.6282
сЃЕсѓцсѓГсЃДсѓд	ТЮЦС║г	1285		501	-18.6282
сЃЕсѓцсЃЋсЃЌсЃЕсЃ│		1288		214	-13.8976
сЃЕсЃб		1288		501	-17.3678
сЃЕсЃЪсЃ╝		1285		149	-14.4742
сЃЕсѓ»сѓ┤сѓФ	УљйУфът«Х	1288		73	-11.3663
сЃЕсѓцсѓ»	LIKE	1288		40	-14.4770
сЃЕсѓ»	Т┤Џ	1285		128	-13.3229
сЃЕсѓ░сЃЋсѓДсѓб	RAG FAIR	1289		67	-13.8871
сЃЕсЃ│сѓ▒сЃ╝сЃќсЃФ	LANсѓ▒сЃ╝сЃќсЃФ	1288		139	-14.0875
сЃЕсЃ│сѓц	УўГтї╗	1285		279	-16.5375
сЃЕсЃџсЃФ		1285		242	-15.4547
сЃЕсѓцсЃ│сЃЮсѓцсЃ│сЃѕ	LINEсЃЮсѓцсЃ│сЃѕ	1288		501	-14.6815
сЃЕсѓ»сЃєсЃ│сѓ╗сЃ│	ТЦйтцЕТѕд	1285	1298	17	-12.9734
сЃЕсѓ╝сЃ│сѓцсЃ│	сѓЅтЁетЊА	1298	1285	17	-12.7654
сЃЕсЃ│сЃђ	ТЄХТЃ░	1287		501	-17.5369
сЃЕсѓ»сЃІ	ТЦйсЂФ	1287	329	17	-10.6492
сЃЕсѓдсѓ╣	уЙЁУЄ╝	1293		385	-15.9259
сЃЕсѓфсѓ╣сѓ┤	сЃЕсѓфсѓ╣Уфъ	1288		340	-14.7065
сЃЕсѓцсЃа	ТЮЦтцб	1291		501	-18.1724
сЃЕсЃЌсЃ│сЃёсѓДсЃФ		1289		443	-12.5966
сЃЕсЃ│сѓ│		1289		501	-15.2141
сЃЕсѓбсЃАсЃ│	сѓЅсЂѓсѓЂсѓЊ	1285		501	-18.5412
сЃЕсѓ╣сЃѕсѓ╣сЃЉсЃ╝сЃѕ		1285		63	-13.3838
сЃЕсѓ»сЃцсѓГ	ТЦйуё╝сЂЇ	1285		501	-18.4767
сЃЕсЃ│сЃЌсѓд	тхљжбе	1285		501	-18.6282
сЃЕсѓцсѓИсЃ│сѓфсЃ╝		1288		415	-15.4287
сЃЕсЃ│сѓ▒сѓцсЃЅсѓдсЃфсЃЦсѓд	УўГТИЊжЂЊжџє	1288		238	-14.8065
сЃЕсѓцсѓесЃФ		1289		210	-13.4531
сЃЕсѓцсѓФсѓц	ТЊѓТй░	1283		501	-18.0694
сЃЕсЃЃсѓФсѓ╗сѓц	УљйУі▒ућЪ	1285		75	-12.9047
сЃЕсЃљсЃ╝сѓгсЃ╝сЃФ		1289		122	-18.6160
сЃЕсЃєсѓбсЃ╝сЃѕ		1288		501	-13.9026
сЃЕсЃ│сѓфсѓд	жИъујІ	1285		501	-18.6282
сЃЕсѓцсЃЋсЃЄсѓХсѓцсЃ│		1288		383	-14.6917
сЃЕсѓцсЃ│сѓ│сѓдсѓФсЃ│	сЃЕсѓцсЃ│С║цТЈЏ	1285	1283	17	-13.1669
сЃЕсЃ│сЃфсЃДсѓ»	УЌЇуиЉ	1285		501	-18.6282
сЃЕсЃ╝сЃЕ		1289		448	-14.0382
сЃЕсѓцсЃІсЃЂ	ТЮЦТЌЦ	1283		271	-10.0472
сЃЕ	Тхф	1288		501	
сЃЕсЃєсЃ│сѓбсЃАсЃфсѓФ		1293		240	-10.6575
сЃЕсѓцсѓ▒сЃ│	ТЮЦуюї	1283		300	-14.4714
сЃЕсѓисѓГсЃбсЃј	сѓЅсЂЌсЂЇсѓѓсЂ«	1298	1285	17	-12.9610
сЃЕсѓИсѓфсЃЄсѓБсЃ╝сѓИсѓДсЃ╝	сЃЕсѓИсѓфDJ	1288		501	-13.5315
сЃЕсЃ│сѓйсѓд	уђЙТ╗ё	1293		104	-17.7008
сЃЕсЃгсѓ┐сЃ│	сѓЅсѓїсЂЪсѓЊ	876	1310	17	-11.1681
сЃЕсѓцсЃасѓ«	сЃЕсѓцж║д	1285		75	-14.0809
сЃЕсѓц	ТЮЦ	560		427	-10.9680
сЃЕсЃ│сЃЮсѓд	УўГТќ╣	1285		251	-16.2026
сЃЕсѓцсѓ»		1285		66	-15.8557
сЃЕсЃ│сѓИсЃЦсЃѕсЃа	УўГт»┐сЂесѓђ	1289		122	-20.6640
сЃЕсЃ│сѓисЃЦ	С╣▒жЁњ	1285		501	-17.7452
сЃЕсЃ│сѓ░сЃѕсЃ│	langton	1289		501	-16.8074
сЃЕсЃЪ		1289		1	-14.0783
сЃЕсѓцсѓцсЃ│	ТЮЦжЎб	1283		402	-13.2255
сЃЕсѓцсЃЋсѓхсѓцсѓ»сЃФ		1285		294	-13.5970
сЃЕсЃ│		1283		149	-17.4988
сЃЕсЃ╝сЃъсЃ╝сЃцсЃі	сѓЅсЃ╝сЂЙсЃ╝сѓёсЂф	1285		501	-18.5412
сЃЕсЃгсѓйсѓд	сѓЅсѓїсЂЮсЂє	876	1301	17	-10.1627
сЃЕсѓцсѓисЃД	ТЮЦТЏИ	1285		501	-17.6588
сЃЕсѓ╣сЃѕсЃљсЃѕсЃФ		1285		17	-13.1550
сЃЕсѓцсЃќсЃѕсѓдсѓИсЃё	сЃЕсѓцсЃќтйЊТЌЦ	1285	1314	17	-13.3104
сЃЕсѓцсЃќсЃ▓	сЃЕсѓцсЃќсѓњ	1285	156	17	-10.7377
сЃЕсѓцсѓ│	сѓЅсЂёсЂЊ	1283		150	-15.0190
сЃЕсѓцсЃЋсѓ»	ТЮЦТюЇ	1285		501	-18.6282
сЃЕсЃ│сѓИсЃЦсЃЏсѓдсѓисЃДсѓд	УЌЇуХгУцњуФа	1288		313	-14.3110
сЃЕсѓ»сЃЏсѓ»	Т┤ЏтїЌ	1288		3	-14.6333
сЃЕсЃ│	тхљ	1288		501	
сЃЕсЃєсѓБсѓдсЃа		1288		359	-14.7349
сЃЕсѓцсЃќсѓ╣сЃѕсЃфсЃ╝сЃЪсЃ│сѓ░		1288		363	-14.0872
сЃЕсѓцсЃгсЃ│	жа╝т╗Ѕ	1291		501	-18.1724
сЃЕсЃ╝сѓфсѓЙсѓ»	сЃЕсЃ╝сѓфТЌЈ	1288		160	-14.6999
сЃЕ	тђЅ	1288		501	
сЃЕсЃгсЃісѓцсЃЄсѓ╣	сѓЅсѓїсЂфсЂёсЂДсЂЎ	873	460	17	-11.3644
сЃЕсѓ»сЃєсЃ│сЃбсЃљсѓцсЃФ	ТЦйтцЕсЃбсЃљсѓцсЃФ	1288		501	-13.1683
сЃЕсЃ│сѓГсЃЦсѓд	Т┐Фухд	1283		501	-18.0694
сЃЕсЃќсЃфсЃ╝		1287		244	-13.5431
сЃЕсЃ╝сЃ┤сѓАсЃі		1289		222	-13.5432
сЃЕсѓцсЃЅсЃ│сѓГсЃ│сѓ░		1288		501	-14.6343
сЃЕсѓ»сЃесѓдсѓ│сѓдсЃесѓдсѓИсЃЦсЃфсЃ│	УљйУЉЅт║ЃУЉЅТе╣ТъЌ	1288		116	-14.1793
сЃЕсЃ╝сѓИсЃБсЃ│		1288		146	-14.1097
сЃЕсЃф	уЙЁтѕЕ	1285		501	-18.6282
сЃЕсѓцсѓ«сЃД	жЏижГџ	1285		501	-16.0128
сЃЕсЃ│сЃђсЃасѓ╗сѓц	сЃЕсЃ│сЃђсЃаТђД	1285	1298	17	-12.9132
сЃЕсЃ│сѓГсЃ│сѓ░сѓцсЃЎсЃ│сЃѕ		1285		17	-12.9610
сЃЕсЃ│сѓ┤сЃљсЃФсЃЅсѓфсѓдсѓ│сѓ»	сЃЕсЃ│сѓ┤сЃљсЃФсЃЅујІтЏй	1288		359	-14.0261
сЃЕсЃгсЃісѓцсЃе	сѓЅсѓїсЂфсЂёсѓѕ	873	288	17	-11.0379
сЃЕ	жеЙ	1288		501	
сЃЕсѓ╣сЃѕсѓесЃ│сЃџсЃЕсЃ╝		1288		401	-14.0294
сЃЕсЃасѓхсЃ╝сЃФ		1293		501	-15.3400
сЃЕсѓ»сЃєсЃ│сѓ╗сѓцсЃАсѓцсЃЉсЃ╝сѓ»сЃЪсЃцсѓ«	ТЦйтцЕућЪтЉйсЃЉсЃ╝сѓ»т««тЪј	1288		501	-14.9843
сЃЕсѓ░сЃЊсЃ╝сЃІсЃЏсЃ│сЃђсѓцсЃњсЃДсѓд	сЃЕсѓ░сЃЊсЃ╝ТЌЦТюгС╗БУАе	1288		261	-14.0711
сЃЕсЃ│сЃќсѓцсѓе		1293		463	-14.0990
сЃЕсѓцсЃѕсЃ»сЃ╝сѓФсЃ╝		1285		501	-15.3921
сЃЕсѓАсЃАсЃ│	сѓЅсЂЂж║║	1285		501	-18.5412
сЃЕсѓИсѓфсЃђсѓцсѓцсЃЂсЃЏсѓдсѓйсѓд	сЃЕсѓИсѓфугг1ТћЙжђЂ	1288		305	-13.8341
сЃЕсЃєсЃ│	уЙЁтцЕ	1285		392	-18.6282
сЃЕсЃћ		1285		501	-14.9490
сЃЕсЃ│	тЇх	1285		333	-11.0646
сЃЕсѓ»сЃљ	Уљйждг	1283		337	-12.3569
сЃЕсѓИсЃЦ	УБИТе╣	1285		501	-18.6282
сЃЕсЃ│сѓг	Тгёућ╗	1285		501	-18.6282
сЃЕсѓ»сѓ┐сЃ│	УљйУЃє	1283		161	-11.8132
сЃЕсЃєсЃЕсЃј		1285		34	-15.3304
сЃЕсЃф		776		501	-14.2710
сЃЕсѓ»сЃєсЃ│сЃџсѓц	ТЦйтцЕсЃџсѓц	1288		501	-14.7765
сЃЕсЃ│сЃќсЃГ		1285		501	-14.1655
сЃЕсѓ»сЃєсЃ│сѓисЃЦсѓ«	ТЦйтцЕСИ╗уЙЕ	1288		186	-14.7718
сЃЕсѓцсЃЕсѓ»	уБіУљй	1287		56	-15.6054
сЃЕсЃ╝	УЙБ	1288		501	
сЃЕсЃ│сѓцсЃЎ		1285		501	-15.1434
сЃЕсЃ│	Тгњ	1288		501	
сЃЕсѓцсЃєсѓц	жЏитИЮ	1288		273	-14.8380
сЃЕсЃ│сѓ┤сЃљсЃФсЃЅ		1288		359	-13.7803
сЃЕсЃ│сЃѕсѓд	тЇхтАћ	1285		501	-17.6588
сЃЕсЃ│сѓисЃДсѓд	тхљТЎХ	1285		501	-18.6282
сЃЕсЃЃсѓГсђю	сѓЅсЂБсЂЇсђю	1287		501	-17.3546
сЃЕсЃќсЃгсѓ┐сЃ╝	­Ъњї	5		501	-21.1964
сЃЕсѓ▒сЃЃсЃѕ		1285		64	-12.8373
сЃЕсЃЋсЃєсѓБсЃ│сѓ░		1288		228	-14.0953
сЃЕсѓ╣сЃ╗сѓФсѓхсѓ╣		1288		446	-14.6111
сЃЕсЃЃсѓГсЃ╝сѓбсѓцсЃєсЃа		1285		501	-14.3829
сЃЕсЃ│сЃЂсѓФсѓц	сЃЕсЃ│сЃЂС╝џ	1285	1298	17	-13.3852
сЃЕсѓцсЃЇсЃ│сЃесЃ│сѓгсЃё	ТЮЦт╣┤4Тюѕ	1288		501	-14.0526
сЃЕсѓцсЃќсѓ│сЃ│сѓхсЃ╝сЃѕ		1288		172	-14.8120
сЃЕсЃ│сЃЮсѓд	тЇхУЃъ	1285		355	-13.5541
сЃЕсѓцсЃЋ	LIFE	1292		40	-10.3729
сЃЕсѓфсЃъ	УђЂтфй	1285		501	-18.3181
сЃЕсЃЄсѓБсѓфсЃЅсЃ│сѓ┐		1285		501	-14.8777
сЃЕсЃЃсѓ╣сЃФ	ТІЅсЂЎсѓІ	583		501	-15.9093
сЃЕсЃ│сЃЂсЃДсѓд	С╣▒Уф┐	1285		178	-14.7327
сЃЕсѓцсЃЋсЃЕ		1285		17	-13.5533
сЃЕсѓи	сѓЅсЂЌ	1285		307	-12.4559
сЃЕсѓцсЃјсѓ┐сѓцсЃЌ		1285		366	-15.2270
сЃЕсЃ╝сѓисЃЦсЃѕсЃЕсѓ»сЃ╝сѓ┐сЃЂсЃДсѓд	сЃЕсЃ╝сѓисЃЦсЃѕсЃЕсѓ»сЃ╝сѓ┐ТюЮ	1288		359	-14.6262
сЃЕсЃ╝сЃЊ		1285		501	-15.0447
сЃЕсѓ»сЃѕ	ТЦйС║║	1291		122	-18.1390
сЃЕсѓцсЃќ	live	1285		367	-17.8906
сЃЕсѓ░сЃЊсЃ╝сЃдсЃІсѓфсЃ│		1288		362	-13.7979
сЃЕсЃ│сѓФсѓ╣сѓ┐сЃ╝сЃЈ	сЃЕсЃ│сѓФсѓ╣сѓ┐сЃ╝Т┤Й	1285	1298	17	-13.5598
сЃЕсЃЃсѓ╣сЃг	ТІЅсЂЎсѓї	581		501	-15.9060
сЃЕсѓцсЃЇсЃ│сЃб	ТЮЦт╣┤сѓѓ	1314	262	17	-11.0109
сЃЕсѓисѓГ	сѓЅт╝Ј	1298		17	-13.4794
сЃЕсѓе		1293		37	-16.6022
сЃЕсЃ│сѓисЃ│сѓ░		1288		138	-14.1664
сЃЕсЃ│сЃфсЃЦсѓд	С╣▒ТхЂ	1285		339	-18.6282
сЃЕсѓцсЃЋ		1285		283	-10.3368
сЃЕсѓисѓцсЃЃ	сѓЅсЂЌсЂёсЂБ	43		48	-11.5629
сЃЕсЃЃсЃЅсѓдсѓБсЃ│сЃЌсѓ╣	RADWIMPS	1289		67	-12.4386
сЃЕсѓИ	сѓЅсЂў	1288		80	-12.9530
сЃЕсѓцсЃљсЃ│	уц╝уЏц	1285		501	-18.6282
сЃЕсЃ│сѓФсѓисЃБсЃ╝		1293		138	-12.7985
сЃЕсЃ│сЃђсЃа		1285		283	-10.9273
сЃЕсѓФсЃ╝сЃд		1285		210	-15.2831
сЃЕсѓ»сЃесѓдсѓ│сѓдсЃюсѓ»	УљйУЉЅжФўТюе	1288		501	-14.2262
сЃЕсѓцсѓисЃЦсѓд	ТЮЦуДІ	1314		501	-15.8969
сЃЕсѓ»сѓисЃЦсЃ│	ТЦйС┐і	1288		501	-18.5231
сЃЕсЃФсѓх		1288		359	-13.9409
сЃЕсЃїсѓГ	сђїсѓЅсђЇТіюсЂЇ	1285		501	-18.3871
сЃЕсЃЏсЃц		1293		140	-15.6214
сЃЕсЃЂ	тЪњ	1285		220	-14.3839
сЃЕсЃєсЃ│	Latin	1288		107	-14.4858
сЃЕсЃ│	Удй	1288		501	
сЃЕсЃЃсѓх	сѓЅсЂБсЂЋ	586		501	-16.9729
сЃЕсЃгсѓ┐сЃбсЃј	сѓЅсѓїсЂЪсѓѓсЂ«	876	1310	17	-10.9677
сЃЕсѓцсЃќсЃЅсѓб	livedoor	1288		363	-13.6898
сЃЕсѓцсѓхсѓГ	ТЮЦт┤ј	1283		501	-18.0694
сЃЕсЃц		1285		483	-17.9351
сЃЕсЃЋ	сѓЅсЂх	1287		437	-12.2929
сЃЕсѓ»сѓгсѓГ		1288		89	-12.8508
сЃЕсѓЙсѓд	УБИтЃЈ	1285		90	-16.7167
сЃЕсѓцсЃ│сѓбсЃЃсЃѕ	LINE@	1288		501	-12.9430
сЃЕсѓцсЃѕ	write	1288		121	-13.4761
сЃЕсЃЃсѓх	ТІЅсЂЋ	586		501	-15.9921
сЃЕсЃ╝сЃІсЃ│сѓ░		1288		294	-12.9374
сЃЕсЃѕ	сѓЅсЂе	1298	363	17	-11.1957
сЃЕсѓцсЃњсЃ│	ТЮЦУ│Њ	1285		224	-13.5666
сЃЕсЃЕ	LaLa	1288		136	-13.4597
сЃЕсѓ░		11		501	-12.2864
сЃЕсѓцсЃѕ	light	1287		121	-16.7949
сЃЕсѓИсѓфсЃЏсѓдсѓйсѓдсѓГсЃДсѓ»	сЃЕсѓИсѓфТћЙжђЂт▒ђ	1288		27	-13.3891
сЃЕсѓцсЃЋсѓ│сЃ╝сЃЂ		1289		501	-12.0247
сЃЕсѓ»сѓисЃДсѓ»	ТЦйжБЪ	1285		501	-18.6282
сЃЕсЃ│	ТЄХ	1288		501	
сЃЕсЃЃсѓФсѓхсЃ│	УљйСИІтѓў	1285		53	-13.6155
сЃЕсЃЌ		1285		501	-14.0470
сЃЕсѓцсѓ│сѓд	ТЮЦтЁЅ	1285		501	-16.5858
сЃЕсЃфсѓбсЃЃсЃѕ		1288		211	-13.3433
сЃЕсѓцсЃЇсЃ│сѓхсЃ│сѓгсЃё	ТЮЦт╣┤3Тюѕ	1288		501	-14.4205
сЃЕсѓ»сЃєсЃ│сЃЮсѓцсЃ│сЃѕ	ТЦйтцЕсЃЮсѓцсЃ│сЃѕ	1288		206	-13.7569
сЃЕсЃ│сѓисЃЦсѓд	УўГтиъ	1293		501	-17.7008
сЃЕсЃ│сЃЊсЃЃсѓ»		1288		391	-14.9613
сЃЕсЃбсѓд	уЙЁуХ▓	1285		501	-18.6282
сЃЕсЃ│сЃЌ	Т┤ІуЄѕ	1285		501	-18.0817
сЃЕсЃ│сѓ«сЃДсѓд	С╣▒УАї	1285		498	-14.8293
сЃЕсѓцсЃЋ	life	1285		367	-17.9351
сЃЕсЃ┤	Love	1288		367	-13.1892
сЃЕсЃгсЃєсѓцсЃФсЃј	сѓЅсѓїсЂдсЂёсѓІсЂ«	876	1310	17	-10.9889
сЃЕсѓ»сЃ│	сѓЅсЂЈсѓЊ	1298	1302	17	-13.3104
сЃЕсѓИ		1288		244	-10.7774
сЃЕсЃ╝сЃђ		1288		326	-13.3911
сЃЕсѓцсЃќсЃёсЃ╝сЃЄсѓБсЃ╝	Live2D	1288		139	-14.2632
сЃЕсЃасѓ┐сЃЕ		1289		245	-13.2752
сЃЕсѓцсЃЋсЃЈсЃЃсѓФсЃ╝		1288		501	-14.5967
сЃЕсѓцсЃЂсЃ╝	УЇћТъЮ	1285		501	-18.3181
сЃЕсѓцсѓ│сЃЇсЃ│		1288		63	-14.2423
сЃЕсѓцсЃ│сЃЅсѓдсЃАсѓц	сЃЕсѓцсЃ│тљїуЏЪ	1288		446	-14.3603
сЃЕсѓ╣сЃѕсЃј	сЃЕсѓ╣сЃѕсЂ«	1285	368	17	-11.2268
сЃЕсѓ»сЃЂсЃБсЃф	ТЦйсЃЂсЃБсЃф	1285		501	-18.6282
сЃЕсЃЃсѓФ	УљйУі▒	1285		389	-15.6083
сЃЕсѓисѓ»сЃЃ	сѓЅсЂЌсЂЈсЂБ	399		48	-5.3199
сЃЕсѓ»		1289		391	-11.8755
сЃЕсѓцсЃѕсЃгсЃ╝сЃФ		1288		87	-13.1754
сЃЕсѓцсѓфсЃ│сЃ╗сѓГсЃ│сѓ░		1288		496	-14.8361
сЃЕсѓ╣сѓхсЃЊ		1285		17	-12.6595
сЃЕсЃ│сѓисЃ│	С╣▒УЄБ	1285		501	-17.8906
сЃЕсЃ│сѓцсЃ│	УўГтЇ░	1293		501	-17.5467
сЃЕсѓцсѓфсЃ│сѓхсЃ│	сЃЕсѓцсѓфсЃ│сЂЋсѓЊ	1289		501	-13.6057
сЃЕсѓцсѓ╗	ТЮЦСИќ	1285		252	-12.2828
сЃЕсѓ»	сѓЅсЂЈ	1287		437	-18.2300
сЃЕсѓцсЃЏсѓд	ТЮЦжѓд	1285		501	-18.6282
сЃЕсЃбсЃ╝сЃ│сѓ║		1289		196	-13.5066
сЃЕсЃасѓисЃЦ	сЃЕсЃажЁњ	1288		75	-12.9042
сЃЕсЃ│сЃЅсѓ╣сѓ▒сЃ╝сЃЌсѓбсЃ╝сѓГсЃєсѓ»сЃѕ		1285		501	-15.1739
сЃЕсѓ»сѓх		1285		501	-15.1186
сЃЕсЃ│сЃесѓд	С╣▒уће	1283		257	-12.2173
сЃЕсЃ│сѓ╝	УўГСИќ	1291		501	-18.1724
сЃЕсЃЃсЃЌсѓ┐сѓцсЃа		1285		63	-14.3661
сЃЕсѓцсѓ▓	ТЮЦСИІ	1283		501	-18.0694
сЃЕсЃа	RaMu	1289		122	-17.2280
сЃЕсЃ│сЃісЃ╝	­ЪЈЃ­ЪЈ╗	1285		501	-25.2491
сЃЕсЃ│сѓ┐сѓц	УЌЇУЃј	1285		501	-18.6282
сЃЕсѓ╣сЃѕсѓфсЃќсѓбсѓ╣	The Last of Us	1288		501	-14.8961
сЃЕсЃј	УЌЈ	1288		501	
сЃЕсЃ╗сѓ╣сЃџсЃёсѓБсѓб		1288		463	-14.6472
сЃЕсЃљсЃ╝сЃ╗сѓйсѓдсЃФ		1288		376	-14.1508
сЃЕсЃ│сЃєсѓБсѓ╣		1292		353	-12.4816
сЃЕсѓ┤сѓд	уЙЁуЮ║	1285		501	-18.6282
сЃЕсЃ╝сЃАсЃ│сѓИсЃГсѓд	сЃЕсЃ╝сЃАсЃ│С║їжЃј	1288		93	-13.8756
сЃЕсЃгсЃё	уЙЁтѕЌ	1283		59	-12.0267
сЃЕсѓцсѓ┤сѓд	ТЮЦУ┐ј	1285		32	-15.2806
сЃЕсѓцсѓисЃЦсѓдсЃб	ТЮЦжђ▒сѓѓ	1314	262	17	-11.1930
сЃЕсЃ│	тёќ	1288		501	
сЃЕсЃісЃ│	уЙЁтЇЌ	1293		501	-17.7008
сЃЕсЃЌсЃЕсѓ┐сѓгсЃ»	сЃЕсЃЌсЃЕсѓ┐тиЮ	1288		432	-14.8538
сЃЕсѓисѓцсѓ▒сЃЅ	сѓЅсЂЌсЂёсЂЉсЂЕ	383	301	17	-10.6067
сЃЕсЃісЃІ	сѓЅСйЋ	1298	1306	17	-13.2333
сЃЕсЃЕсЃ│сЃЅ		1288		210	-14.1986
сЃЕсЃі	сѓЅсЂф	1291		418	-11.2766
сЃЕсѓ»сѓгсѓГ	УљйТЏИсЂЇ	1283		445	-11.0581
сЃЕсѓ╣сѓбсѓ╣		1285		501	-15.3170
сЃЕсѓцсЃЈсЃ│	ТЮЦжўф	1283		501	-18.0694
сЃЕсЃє		1289		274	-11.4516
сЃЕсѓцсѓисЃЦсЃ│	ТЮЦТўЦ	1285		380	-14.7682
сЃЕсЃгсЃісѓцсЃѕ	сѓЅсѓїсЂфсЂёсЂе	873	164	17	-11.2628
сЃЕсЃЃсѓФсЃ│сѓи	ТЦйУд│Удќ	1283	1297	17	-12.9765
сЃЕсѓ»	тњ»	1288		501	
сЃЕсѓцсѓисЃє		1288		186	-13.7240
сЃЕсЃЃсѓ╣сЃг	сѓЅсЂБсЂЎсѓї	581		501	-16.8869
сЃЕсѓдсЃ│сѓИ	lounge	1285		367	-17.8906
сЃЕсѓИсЃДсѓдсЃбсЃ│	уЙЁтЪјжќђ	1293		435	-13.4533
сЃЕсѓ░сѓФсЃЃ	сЃЕсѓ░сЂІсЂБ	33		501	-12.1443
сЃЕсЃ│	run	1283		121	-17.4988
сЃЕсЃЃсѓФсѓ╗сѓц	­ЪЦю	5		501	-22.6033
сЃЕсЃ│сЃЄсЃ│	тхљжЏ╗	1285		162	-18.6282
сЃЕсѓцсѓц	жа╝УАБ	1289		501	-17.9060
сЃЕсѓ╣сЃѕ	Last	1289		367	-11.4793
сЃЕ		1285		149	-11.1965
сЃЕсѓцсЃќсЃб	сЃЕсѓцсЃќсѓѓ	1285	262	17	-11.1823
сЃЕсѓ»сЃІсЃісЃФ	ТЦйсЂФсЂфсѓІ	1287	772	17	-10.9416
сЃЕсѓцсЃЕсЃЃсѓ»сЃЈсѓц	сЃЕсѓцсЃЕсЃЃсѓ»ТЮ»	1285	1298	17	-13.4010
сЃЕсѓИсѓфсЃЏсѓдсѓйсѓд	сЃЕсѓИсѓфТћЙжђЂ	1292		305	-10.1857
сЃЕсѓисЃБ	уЙЁу┤Ќ	1285		4	-15.0965
сЃЕсЃ│сЃЅ		1285		347	-11.2099
сЃЕсѓ»сѓисЃДсѓд	ТЦйтІЮ	1283		245	-12.2741
сЃЕсѓцсЃќсЃЄ	сЃЕсѓцсЃќсЂД	1285	149	17	-10.3436
сЃЕсѓ»сЃЂсЃЦсѓдсЃЕсѓ»сѓгсѓцсѓ║	Т┤ЏСИГТ┤ЏтцќтЏ│	1288		28	-14.9327
сЃЕсЃ╗сЃюсѓесЃ╝сЃа		1288		98	-14.3940
сЃЕсЃќсЃфсЃ╝		1288		244	-13.9290
сЃЕсЃгсЃФсЃесѓдсЃІ	сѓЅсѓїсѓІсѓѕсЂєсЂФ	870	329	17	-10.8261
сЃЕсЃ│сЃЂсЃБсЃ│	сѓЅсѓЊсЂАсѓЃсѓЊ	1285	1302	17	-12.6305
сЃЕсЃ│сѓхсЃ╝		1288		168	-12.5776
сЃЕсѓцсЃ│сѓГсЃЦсѓдсЃЂсЃЦсѓдсЃЈсѓ»	сЃЕсѓцсЃ│т««СИГС╝»	1288		34	-14.3564
сЃЕсЃЂсѓДсЃЃсЃѕ		1289		64	-13.0518
сЃЕсЃ│сЃљсЃ╝сЃѕ		1288		255	-14.2555
сЃЕсЃгсЃісѓцсЃесѓд	сѓЅсѓїсЂфсЂёсѓѕсЂє	873	1312	17	-11.2902
сЃЕсѓцсѓг	сѓЅсЂёсЂї	1285		293	-15.3378
сЃЕсѓцсѓисЃЦсѓдсѓФсЃЕ	ТЮЦжђ▒сЂІсѓЅ	1314	147	17	-11.1208
сЃЕсЃасЃђ	lambda	1289		5	-13.6638
сЃЕсЃ│сЃёсѓА		1288		0	-14.9649
сЃЕсЃ│сѓ│сѓдсѓФ	С╣▒жФўСИІ	1283		422	-13.4567
сЃЕсЃ│сЃђсЃъ	С╣▒ујЅ	1285		501	-18.6282
сЃЕсѓ»сѓ╗сЃ│	УљйжЂИ	1283		125	-9.9508
сЃЕсѓисЃ│	уЙЁжЄЮ	1285		501	-18.6282
сЃЕсЃгсЃФсЃ│сЃђ	сѓЅсѓїсѓІсѓЊсЂа	870	453	17	-11.2432
сЃЕсѓцсѓ│сѓд	ТЮЦУАї	1285		501	-18.6282
сЃЕсЃѕсѓЦсЃ╝сЃФ		1288		130	-14.8500
сЃЕсѓ»сЃъсЃё	ТЦйТЮЙ	1288		501	-18.5231
сЃЕсѓ»сѓИсЃЦ	ТЦйт»┐	1288		501	-18.5231
сЃЕсѓцсЃєсЃ│сѓИсЃДсѓ╗сѓцсѓГсЃБсѓ»	ТЮЦт║ЌтЦ│ТђДт«б	1283	1285	17	-12.9734
сЃЕ		1298		149	-18.2931
сЃЕсЃ╝		1288		429	-15.1584
сЃЕсѓцсѓХсЃЃсЃЌ		1288		501	-12.5537
сЃЕсѓдсѓе		1289		210	-13.5195
сЃЕсЃ┤сѓБсЃЃсЃѕ		1285		501	-13.6794
сЃЕсЃ│сЃљсЃФ		1288		492	-14.2782
сЃЕсѓцсЃЅсѓд	жЏитљї	1283		501	-16.2905
сЃЕсѓцсЃќсЃЅсѓбсѓИсѓ▒сЃ│	сЃЕсѓцсЃќсЃЅсѓбС║ІС╗Х	1288		216	-14.6655
сЃЕсѓф		1290		149	-12.9081
сЃЕсѓ░сѓФсЃЕ	сЃЕсѓ░сЂІсѓЅ	27		501	-12.1250
сЃЕсЃЃсѓФсѓИсѓ│	УљйСИІС║ІТЋЁ	1288		425	-15.0019
сЃЕсѓцсЃЋсЃ»сЃ╝сѓ»		1285		323	-12.4587
сЃЕсЃЄсѓБсѓдсѓ╣		1289		501	-15.0246
сЃЕсЃЕ		1285		51	-15.0372
сЃЕсѓцсѓИсЃЦсѓд	ТЮЦСйЈ	1290		72	-16.0688
сЃЕсѓг	сѓЅсЂї	1298	148	17	-9.7254
сЃЕсЃЃсѓ│		1285		499	-12.8666
сЃЕсЃ│сЃЂсЃБсЃ╝		1288		264	-12.7739
сЃЕсѓ»сѓфсѓд	ТЦйу┐Ђ	1293		108	-17.7008
сЃЕсЃ│сЃљсЃ╗сЃЕсЃФ		1289		190	-12.9499
сЃЕсЃ│сЃфсЃДсѓд	С╣▒уЎѓ	1285		501	-18.1929
сЃЕсЃ│сЃЌ		1285		95	-10.9781
сЃЕсЃ│сЃЂсЃЦсѓд	ТгёСИГ	1285		501	-18.6282
сЃЕсѓИсѓфсЃЉсЃ╝сѓйсЃісЃфсЃєсѓБсЃ╝		1288		324	-14.0261
сЃЕсЃј	Ућх	1288		501	
сЃЕсѓцсЃѕсѓбсЃЃсЃЌ		1285		228	-12.2927
сЃЕсѓцсѓфсѓд	жЏиТеф	1289		8	-15.8019
сЃЕсѓхсЃ│	сѓЅсЂЋсѓЊ	1298	1302	17	-11.6661
сЃЕсѓцсЃєсЃ│сѓИсЃДсѓ╗сѓц	ТЮЦт║ЌтЦ│ТђД	1283	1285	17	-12.9734
сЃЕсѓ»сЃјсѓд	ТЦйУЙ▓	1288		501	-18.5231
сЃЕсѓИсѓбсЃ│сЃъсѓцсЃЊсЃДсѓд	сј«	1288		501	-20.0000
сЃЕсЃ│сѓФ	тЇхтЃ╣	1285		501	-18.6282
сЃЕсѓ»сЃђ	ТЦйсЂа	1287	453	17	-10.3140
сЃЕсЃЃсѓ╗сЃе	ТІЅсЂЏсѓѕ	589		501	-15.9060
сЃЕсЃ│сѓ»сЃё	С╣▒Тјў	1283		29	-16.1457
сЃЕсЃ│сЃѕсЃг		1285		501	-15.2819
сЃЕсЃєсЃ│сЃєсѓцсѓ│сѓ»	сЃЕсЃєсЃ│тИЮтЏй	1288		359	-13.7782
сЃЕ	тй░	1288		501	
сЃЕсЃ│сѓ«сЃДсѓд	Т┐ФУАї	1285		328	-18.6282
сЃЕсѓ»сЃєсЃ│сѓФ	ТЦйтцЕт«Х	1288		56	-14.9088
сЃЕсѓХсЃЋсѓЕсЃ╝сЃЅ		1288		210	-13.8651
сЃЕсЃ│сѓ┤сЃљсЃФсЃЅсѓИсЃ│	сЃЕсЃ│сѓ┤сЃљсЃФсЃЅС║║	1288		359	-13.9356
сЃЕсЃ│сѓисЃД	УўГТЏИ	1285		323	-15.8287
сЃЕсЃ│сѓ╣сЃєсѓБсЃ│сѓ░		1288		13	-14.2056
сЃЕсѓц	уЙЁуХГ	1289		501	-18.1292
сЃЕсѓцсѓИсЃДсѓдсѓисЃБ	ТЮЦта┤УђЁ	1288		224	-11.8490
сЃЕсЃ╝сЃ│сЃісЃ╝		1288		359	-13.4994
сЃЕсѓцсЃќсѓ░сЃЃсѓ║		1285		17	-13.5217
сЃЕсѓ»сѓ▒сЃё	ухАуЕ┤	1285		501	-18.6282
сЃЕсЃђсЃЃсѓ»		1293		373	-12.7504
сЃЕсѓ»сЃдсѓд	Т┤ЏжѓЉ	1293		58	-17.7008
сЃЕсѓцсЃЂсЃДсѓд	сѓЅсЂёсЂдсЂє	1291		122	-14.8990
сЃЕсѓцсЃњсѓ╣сЃљсЃ│сѓ»		1285		13	-15.2331
сЃЕсЃ│сѓ╗сѓц	тхљТИЁ	1291		501	-18.1724
сЃЕсѓ»сЃесѓдсѓИсЃЦ	УљйУЉЅТе╣	1285		116	-14.4547
сЃЕсѓ»сЃЕсѓ»	ТЦйсђЁ	1281		60	-12.3219
сЃЕсЃЃсЃЋсЃФсѓ║		1288		470	-15.2394
сЃЕсЃ│сѓисЃЦсѓд	тхљУѕЪ	1291		501	-18.1724
сЃЕсѓцсѓхсЃё	ТЮЦТюГ	1285		501	-18.6282
сЃЕсѓц	уц╝	1288		501	
сЃЕсѓХсЃІсѓб		1289		152	-12.7224
сЃЕсѓисЃ╝сЃЅ		1289		273	-12.9194
сЃЕсЃ│сЃфсЃё	С╣▒уФІ	1283		182	-12.0080
сЃЕсѓцсЃђсЃ│	ТЮЦУФЄ	1283		241	-15.3852
сЃЕсЃЃсѓГсЃД	УЙБ	1288		501	
сЃЕсЃ│сѓ░сЃЅсЃЃсѓ»		1285		34	-14.6094
сЃЕсѓ»сЃєсЃ│сѓисЃДсѓдсѓ▒сЃ│	ТЦйтцЕУе╝тѕИ	1288		374	-13.4335
сЃЕсѓдсЃЅ		1287		66	-14.1641
сЃЕсѓцсЃ│сЃЕсЃ│сЃѕ		1293		446	-12.0345
сЃЕсЃѓсѓф		1288		476	-14.0950
сЃЕсЃфсЃф	сЃЕсЃфсѓі	788		501	-14.2728
сЃЕсѓцсЃЂсЃДсѓд	жЏиж│Ц	1285		202	-13.7463
сЃЕсЃ╝сЃъсѓцсЃЃсѓ╗сѓц	сЃЕсЃ╝сЃъ1СИќ	1288		359	-14.3076
сЃЕсѓцсЃќсЃЕсЃфсЃ╝	Library	1289		15	-12.0317
сЃЕсЃєсЃЋ	LaTeX	1288		197	-14.7807
сЃЕсѓ┐		1289		335	-16.7429
сЃЕсѓцсЃісЃ╝сѓ▒сЃ│	сЃЕсѓцсЃісЃ╝тѕИ	1288		118	-14.5258
сЃЕсѓгсЃ╝	т░ЈтИє	1285		501	-18.3871
сЃЕсЃЄсѓБсѓдсѓ╣	RADIUS	1288		431	-14.9334
сЃЕсѓцсѓд	РЏѕ	5		501	-24.1107
сЃЕсЃ╝сЃъсЃісЃісѓ╗сѓц	сЃЕсЃ╝сЃъ7СИќ	1288		446	-14.9129
сЃЕсѓ░сЃЊсЃ╝сЃ»сЃ╝сЃФсЃЅсѓФсЃЃсЃЌ		1288		428	-12.9092
сЃЕсЃгсЃісѓцсѓ│сЃѕ	сѓЅсѓїсЂфсЂёсЂЊсЂе	873	1310	17	-11.2399
сЃЕсЃЋсѓАсѓесЃФ		1289		149	-12.0084
сЃЕсѓцсЃісѓ╣		1288		11	-14.4184
сЃЕсѓ»сѓ┤сѓ▒сЃ│сѓГсЃЦсѓдсѓФсѓц	УљйУфъуаћуЕХС╝џ	1288		364	-13.4979
сЃЕсѓ»сЃесѓдсѓ╗сѓц	УљйУЉЅТђД	1288		116	-14.8108
сЃЕсѓ»сЃЈсѓ»	УљйтЅЦ	1283		501	-18.0694
сЃЕсѓисЃДсѓд	УБИТбб	1285		501	-18.6282
сЃЕсѓ»	ТЊй	1288		501	
сЃЕсЃЎсЃФ	­ЪЈи	1285		501	-24.3663
сЃЕсЃЕсЃЕ	сѓЅсѓЅсѓЅ	3		54	-16.9819
сЃЕсѓцсѓфсЃ│		1292		499	-12.9223
сЃЕсЃ│сЃъсЃФ	УўГСИИ	1291		74	-11.5460
сЃЕсЃ│сЃесѓд	тЇхуће	1285		501	-18.6282
сЃЕсѓцсЃісѓ╣сЃ╗сЃЮсЃ╝сЃфсЃ│сѓ░		1289		210	-13.8319
сЃЕсЃЃсѓ»	lack	1289		277	-13.7049
сЃЕсѓ╣сЃЌсЃ╝сЃЂсЃ│		1289		490	-11.9377
сЃЕсЃъ		1289		429	-12.7326
сЃЕсЃ╝сЃ│		1288		349	-14.2163
сЃЕсѓдсѓ╣	уЙЁУЄ╝	1292		385	-12.9681
сЃЕсЃ│сЃЅ	LAND	1292		40	-12.1534
сЃЕсѓИсѓФсѓ╗		1285		139	-13.3101
сЃЕсЃ╝сЃАсЃ│сЃц	сЃЕсЃ╝сЃАсЃ│т▒І	1288		311	-11.3528
сЃЕсѓцсЃЂсЃБсЃ│	сѓЅсЂёсЂАсѓЃсѓЊ	1285	1302	17	-13.2463
сЃЕсѓ»сѓ┐сЃ│	УљйтЇў	1283		501	-14.3060
сЃЕсЃгсЃФсЃесѓдсЃі	сѓЅсѓїсѓІсѓѕсЂєсЂф	870	454	17	-10.8657
сЃЕсЃ│сЃЅсѓхсЃЃсЃѕ	landsat	1285		501	-17.9351
сЃЕсЃ│сЃЕсЃ│	тхљУўГ	1291		501	-18.1724
сЃЕсѓ»сЃесѓдсѓИсЃЦсЃфсЃ│	УљйУЉЅТе╣ТъЌ	1288		381	-14.8218
сЃЕсѓ»сѓцсЃЕ		1288		400	-14.2576
сЃЕсЃ│	у║ю	1288		501	
сЃЕсЃ│сѓГсЃ│сѓ░сѓ▒сѓцсѓисѓГ	сЃЕсЃ│сѓГсЃ│сѓ░тйбт╝Ј	1285		17	-13.0983
сЃЕсѓцсЃќсЃъсѓе	сЃЕсѓцсЃќтЅЇ	1285	1314	17	-12.3330
сЃЕсѓдсЃ│сЃЅ		1285		283	-11.3604
сЃЕсѓ»сѓ┤	сѓЅсЂЈсЂћ	1283		80	-14.1564
сЃЕсѓ»сЃєсЃ│	сѓЅсЂЈсЂдсѓЊ	1285		501	-18.9467
сЃЕсЃ│сѓ»сЃ│	сЃЕсЃ│сЂЈсѓЊ	1285	1302	17	-13.0696
сЃЕсѓ»	уіќ	1288		501	
сЃЕ	сЄ╗	1288		501	-20.0000
сЃЕсѓ»сѓГсЃДсѓд	УљйТЕІ	1288		425	-14.5623
сЃЕсЃ│	тЇх	1298		333	-11.0646
сЃЕсѓцсѓ╗сЃ│сѓ╣сѓ╗сѓцсѓхсЃ│	сЃЕсѓцсѓ╗сЃ│сѓ╣ућЪућБ	1288		413	-12.1232
сЃЕсѓцсѓфсЃ│сѓ║	Lions	1289		367	-13.9060
сЃЕсЃЃсѓГсЃ╝	ТЦйтќю	1288		501	-18.6566
сЃЕсЃЄсѓБсЃЃсѓисЃЦ		1285		448	-14.7650
сЃЕсЃ│сЃјсѓд	тЇхтЏі	1285		501	-18.6282
сЃЕсЃљсѓдсЃФсѓ│сѓдсѓ»сѓдсѓ┐сѓц	сЃЕсЃљсѓдсЃФУѕфуЕ║жџі	1288		308	-14.7677
сЃЕсЃгсЃъсѓи	сѓЅсѓїсЂЙсЂЌ	876	501	17	-10.2813
сЃЕсѓцсЃ│сЃЄсЃфсѓб		1285		95	-14.5522
сЃЕсЃ│сЃісѓдсѓДсѓц		1288		353	-14.9800
сЃЕсЃЂсЃњсѓгсѓцсѓисЃБ	ТІЅУЄ┤УбФт«│УђЁ	1288		216	-12.8854
сЃЕсѓцсЃ│сЃџсѓц	LINE Pay	1288		501	-13.0821
сЃЕсѓисЃ│сЃљсЃ│	уЙЁжЄЮуЏц	1285		59	-13.4281
сЃЕсЃЃсѓ»сѓ╣		1292		151	-13.1233
сЃЕсѓИсѓфсЃЉсЃ╝сѓйсЃісЃфсЃєсѓБ		1288		324	-12.3091
сЃЕсѓИсЃ╝сѓисЃДсѓд	сЃЕсѓИсЃ╝У│ъ	1288		313	-14.8424
сЃЕсЃ│сѓ║сЃЎсЃФсѓ«сѓ╣		1290		19	-12.6553
сЃЕсѓ»сѓесЃ│	ТЦйтюњ	1285		212	-12.1129
сЃЕсѓ»сѓгсѓц	Т┤Џтцќ	1285		404	-15.0771
сЃЕсѓцсЃ│сЃАсѓ┐сЃФ		1292		264	-12.8537
сЃЕсЃЪсѓБ		1289		501	-12.0678
сЃЕсѓИ		1289		244	-16.7429
сЃЕсЃЕсЃЕ		1289		302	-12.8462
сЃЕ	уў░	1288		501	
сЃЕсѓцсЃЄсЃ│сѓисЃДсѓдсѓ░сЃ│	жЏижЏ╗т░єУ╗Ї	1285		17	-12.9828
сЃЕсѓ»сѓцсЃ│	сѓЅсЂЈтЇ░	1285		501	-18.9467
сЃЕсЃ╝сЃд	УЙБТ▓╣	1285		501	-18.3181
сЃЕсѓ»сѓХ	ТЦйт║Д	1285		449	-15.7833
сЃЕсЃќ	сѓЅсЂХ	1285		80	-11.9127
сЃЕсѓц	жџИ	1288		501	
сЃЕсѓисЃЦсЃё	УБИтЄ║	1283		333	-14.8107
сЃЕсЃЃсѓГсЃ╝сЃісЃ│сЃљсЃ╝		1288		454	-14.7316
сЃЕсЃќсЃЕсѓцсЃќ		1289		353	-11.5607
сЃЕсЃ│сѓФ	сЃЕсЃ│уДЉ	1288		501	-13.8440
сЃЕсѓ╣сѓ»сѓисЃДсѓФсЃ│	сЃЕсѓ╣сѓ»ТЏИу░А	1288		153	-14.9149
сЃЕсѓИсѓбсЃ│		1288		447	-14.0432
сЃЕсЃЋ	уЙЁТх«	1293		501	-17.7008
сЃЕсЃЃсЃЌсЃљсЃѕсЃФ		1285		17	-13.2823
сЃЕсЃ│сѓФсѓцсЃЏсѓд	ТгёжќІТћЙ	1285	1283	17	-12.9765
сЃЕсЃ│сЃЄсЃќсЃ╝		1285		173	-14.0095
сЃЕсѓцсЃЈсЃФ	ТЮЦТўЦ	1314		380	-15.2682
сЃЕсЃЃсЃЂ	ТІЅУЄ┤	1283		490	-18.4371
сЃЕсЃбсЃ│	уЙЁу┤І	1285		501	-18.6282
сЃЕсЃ│сЃюсѓдсЃГсѓдсѓ╝сѓГ	С╣▒Тџ┤уІ╝УЌЅ	1288		490	-14.8783
сЃЕсѓд		1285		149	-12.4706
сЃЕсЃ╗сЃфсЃ╝сѓг		1288		348	-13.8725
сЃЕсѓ»сЃдсѓд	ТЦйжЂі	1285		398	-18.6282
сЃЕсѓИсѓфсЃІсЃЃсѓ▒сѓц	сЃЕсѓИсѓфNIKKEI	1288		305	-13.3904
сЃЕсЃ│сЃфсЃДсѓд	УўГжаў	1285		501	-18.6282
сЃЕсѓцсЃњсѓ╣сЃъсЃФсѓ»		1288		354	-14.4978
сЃЕсЃЃсѓГсЃД	сѓЅсЂБсЂЇсѓЄ	1288		501	-14.8035
сЃЕсЃЃсѓисЃБсЃЃ	сѓЅсЂБсЂЌсѓЃсЂБ	1242		54	-6.7486
сЃЕсѓ╣сѓ┐сЃ╝		1288		197	-14.2214
сЃЕсЃ│сЃЅсѓ╗сЃФ		1285		295	-11.7821
сЃЕсѓИсЃБсѓ╣сѓ┐сЃ│		1293		501	-15.4321
сЃЕсЃЎсЃ│сЃђсЃ╝		1285		75	-12.4256
сЃЕсѓцсЃќсѓбсЃЕсѓцсЃќ		1288		501	-14.6550
сЃЕсЃ│сЃюсѓд	Т┐Фтде	1283		275	-18.0694
сЃЕсЃ│сЃюсѓд	С╣▒тде	1283		501	-18.0694
сЃЕсѓцсЃЄсѓц	жЏиТ│Ц	1289		501	-17.9060
сЃЕсѓ░сѓи	сЃЕсѓ░сЂЌ	23		501	-12.1251
сЃЕсѓ«сЃДсѓд	сЃЕУАї	1288		327	-13.8505
сЃЕсѓцсЃљсЃ╝		1288		368	-11.5317
сЃЕсЃ│сѓ«сЃДсѓ»	УЌЇујЅ	1289		440	-17.9060
сЃЕсЃЃсѓисЃБсЃ╝сѓцсѓ┐сЃъсѓе	сЃЕсЃЃсѓисЃБсЃ╝ТЮ┐тЅЇ	1289		122	-17.3620
сЃЕсЃгсЃФсЃјсѓг	сѓЅсѓїсѓІсЂ«сЂї	870	148	17	-10.9573
сЃЕсЃфсЃ│	сЃЕсЃфсѓЊ	782		501	-14.2688
сЃЕсЃасЃЂсЃБсЃ│	сЃЕсЃасЂАсѓЃсѓЊ	1288		501	-13.6637
сЃЕсѓ»сѓ┤сѓФсѓц	УљйУфъС╝џ	1285	1298	17	-12.7924
сЃЕсЃЃ	тќЄ	1288		501	
сЃЕсЃЋ		1287		64	-10.2285
сЃЕсѓИсѓфсЃЋсѓ»сѓисЃъ	сЃЕсѓИсѓфудЈт│Х	1288		305	-14.2224
сЃЕсЃ│сЃјсѓд	тЇхтџб	1285		333	-14.6009
сЃЕсѓцсѓ╣сЃїсЃ╝сЃЅсЃФ		1288		391	-14.6961
сЃЕсѓфсѓ╣		1294		240	-10.1352
сЃЕсЃЃсѓисЃЦ	LUSH	1288		501	-14.5556
сЃЕсЃЕсЃЕсЃЕсЃЕсЃЕ	сѓЅсѓЅсѓЅсѓЅсѓЅсѓЅ	3		501	-16.9819
сЃЕсЃ│сЃћсЃё	С╣▒уГє	1285		501	-17.0865
сЃЕсЃЃсЃЅ	RAD	1288		77	-13.7360
сЃЕсѓисѓ»сЃє	сѓЅсЂЌсЂЈсЂд	399	307	17	-10.5047
сЃЕсѓ»сЃАсѓц	УљйтЉй	1283		411	-13.6889
сЃЕсЃЃсЃЌсЃ▓	сЃЕсЃЃсЃЌсѓњ	1285	156	17	-11.2015
сЃЕсѓ»сЃёсѓц	Уљйтбю	1285		501	-18.6282
сЃЕсЃгсЃісѓцсѓи	сѓЅсѓїсЂфсЂёсЂЌ	873	304	17	-11.2240
сЃЕсѓ│сѓд	уЙЁтЁг	1289		501	-17.9060
сЃЕсЃ│сѓГсЃ│сѓ░сѓИсЃДсѓдсѓц	сЃЕсЃ│сѓГсЃ│сѓ░СИіСйЇ	1285		17	-12.5622
сЃЕсЃ│сЃЅсѓ»	Т┐ФУфГ	1283		90	-18.0694
сЃЕсѓц	уХЪ	1288		501	
сЃЕсѓцсЃЈсѓ»	ТЮЦУѕХ	1285		501	-18.6282
сЃЕсѓ╣сЃѕсѓ»сЃ│	сѓЅсЂЎсЂесЂЈсѓЊ	1285	1302	17	-12.9397
сЃЕсѓ»сѓдсЃ│	УљйжЏ▓	1288		501	-18.5231
сЃЕсЃа	сѓЅсѓђ	1285		437	-12.6559
сЃЕсѓ»сЃѕсЃ╝сѓ╣		1288		83	-14.2545
сЃЕсѓ»сѓисЃ│сѓцсЃ│	ТЦйуюЪжЎб	1291		501	-18.1724
сЃЕсѓцсѓХсЃЃсЃЌ	rizap	1289		501	-13.1353
сЃЕсѓ»сЃІ	ТЦйсЂФ	1287	151	17	-10.0816
сЃЕсѓцсЃЋсѓ▓сЃ╝сЃа		1288		65	-14.9340
сЃЕсЃ│сЃЅсЃф	С╣▒тЈќ	1285		137	-15.1072
сЃЕсЃ│сѓ»сЃъ		1285		501	-12.5635
сЃЕсѓцсЃЋсѓ╣сѓ┐сѓцсЃФ		1285		154	-11.2577
сЃЕсѓцсѓ│сѓд	ТЮЦТћ╗	1283		501	-18.0694
сЃЕсѓИсѓбсЃФ		1288		95	-14.0740
сЃЕсѓИсѓфсѓЙсЃ│сЃЄ		1285		173	-15.0032
сЃЕсѓ╣	las	1288		44	-13.2550
сЃЕсѓцсЃќсѓ┤	сЃЕсѓцсЃќтЙї	1285	1305	17	-12.0750
сЃЕсѓцсЃЕсѓцсЃєсѓц	ТЮЦТЮЦС║Г	1292		501	-13.6335
сЃЕсЃгсЃєсЃФ	сѓЅсѓїсЂдсѓІ	876	307	17	-9.8251
сЃЕсЃ│сЃќсЃФ		1288		141	-14.7860
сЃЕсѓцсЃќсѓцсЃЎсЃ│сЃѕ		1288		172	-12.8435
сЃЕсЃгсЃъсѓ╗	сѓЅсѓїсЂЙсЂЏ	876	495	17	-10.3429
сЃЕсЃгсѓйсѓдсЃі	сѓЅсѓїсЂЮсЂєсЂф	876	454	17	-11.4352
сЃЕсЃ│сѓ┐сѓцсЃа		1288		431	-13.8670
сЃЕсЃ│сЃќ	С╣▒Уѕъ	1283		389	-13.0317
сЃЕсѓ»сЃдсѓд	сѓЅсЂЈсѓєсЂє	1285		501	-18.9467
сЃЕсЃЊсѓфсЃф		1285		501	-15.8591
сЃЕсЃФсЃЋсЃ╗сЃќсЃЕсѓцсѓбсЃ│сЃѕ		1289		310	-13.8117
сЃЕсЃ│сѓисЃБ	С╣▒т░ё	1283		490	-13.2363
сЃЕсѓцсѓ┐сЃ╝		1285		324	-10.0430
сЃЕсѓцсЃѕ		1290		64	-12.7105
сЃЕсѓ»	ТЦй	1283		251	-11.9069
сЃЕсЃќсЃЕсЃќ	сѓЅсЂХсѓЅсЂХ	1287		80	-13.2796
сЃЕсЃісѓф		1293		335	-15.5036
сЃЕсѓцсЃю		1285		501	-15.2503
сЃЕсЃ╝сЃъсѓ┤сѓ╗сѓц	сЃЕсЃ╝сЃъ5СИќ	1288		446	-13.7109
сЃЕсѓ«сЃ╝		19		501	-12.6032
сЃЕсѓцсѓ│		1289		501	-15.3019
сЃЕсѓ»сЃЕсѓ»	ТЦйТЦй	1281		501	-17.3549
сЃЕсѓИсѓф	Radio	1289		27	-10.8779
сЃЕсѓцсЃЋ	сѓЅсЂёсЂх	1289		80	-13.5560
сЃЕсѓцсЃѕсЃбсЃєсѓБсЃ╝сЃЋ		1288		458	-14.8280
сЃЕ	уГЅ	1298		486	-17.9566
сЃЕсѓцсЃќсЃЕсЃфсЃ╝	library	1285		232	-17.8906
сЃЕсѓцсЃќсЃЅсѓдсѓг	сЃЕсѓцсЃќтІЋућ╗	1285		17	-13.4853
сЃЕсѓ░сЃЊсЃ╝сѓ╗сЃ│сѓисЃЦ	сЃЕсѓ░сЃЊсЃ╝жЂИТЅІ	1285		17	-13.5279
сЃЕсЃ╝сЃъсѓГсЃЦсѓдсѓ╗сѓц	сЃЕсЃ╝сЃъ9СИќ	1288		329	-14.5481
сЃЕсЃ│сѓФсѓ»	жИъжХ┤	1285		501	-18.6282
сЃЕсѓ»сѓ╣сЃъсЃ│		1290		193	-13.6220
сЃЕсЃЌсѓйсЃЄсѓБсЃ╝		1285		180	-15.4716
сЃЕсѓцсѓИсЃЦсЃ│	жа╝жає	1291		501	-18.1724
сЃЕсЃЃсѓГсЃ╝сЃ╗сЃФсЃЂсѓбсЃ╝сЃј		1289		25	-13.8319
сЃЕсЃгсЃъсѓ╣	сѓЅсѓїсЂЙсЂЎ	876	491	17	-9.5416
сЃЕсѓ»сЃъсЃ│	ТЦйТ║ђ	1288		501	-18.5231
сЃЕсѓ»сЃЂсЃ│	ТЦйсЂАсѓЊ	1287		501	-12.0324
сЃЕсѓ╗сЃ│	сѓЅТЌІ	1285		501	-18.9467
сЃЕсЃЈсЃќ		1289		443	-15.2416
сЃЕсѓ╗сѓц	уЙЁТѕљ	1289		501	-17.9060
сЃЕ	ТІЅ	1288		501	
сЃЕсѓ»сѓ┐сЃ│	­ЪЎЇ	1283		501	-24.2838
сЃЕсЃЃсѓисЃБ	сѓЅсЂБсЂЌсѓЃ	582		501	-16.8869
сЃЕсЃгсѓ┐сЃј	сѓЅсѓїсЂЪсЂ«	876	1310	17	-10.4010
сЃЕсЃ╝сЃї		1289		501	-15.6236
сЃЕсѓИсЃДсѓд	уЙЁтЪј	1285		58	-18.6282
сЃЕсѓфсЃф	уЙЁу╣ћ	1291		501	-18.1724
сЃЕсѓцсѓ╝сЃ│	Ryzen	1288		501	-14.2594
сЃЕсЃ│сѓ░сЃ╝сЃ│		1285		53	-14.4923
сЃЕсѓцсЃќсЃЂсЃЦсѓд	сЃЕсѓцсЃќСИГ	1288		451	-12.6904
сЃЕсЃю	labo	1288		501	-14.9909
сЃЕсЃгсЃФсЃњсЃѕ	сѓЅсѓїсѓІС║║	870	1285	17	-11.0770
сЃЕсЃєсЃ│сѓ┤	сЃЕсЃєсЃ│Уфъ	1285		340	-10.6361
сЃЕсѓИсѓФсЃФсЃЃ	сЃЕсѓИсЂІсѓІсЃЃ	1288		205	-14.5623
сЃЕсѓцсѓ│сѓд	ТЮЦт»Є	1283		271	-15.0775
сЃЕсЃЃсѓ│	ТхиуЇ║	1285		501	-18.3181
сЃЕсЃёсЃ»сЃ│	сѓЅсЂцУЁЋ	1285		501	-18.9467
сЃЕсЃ│сѓ░сѓц	С╣▒ТЮЎ	1285		501	-18.6282
сЃЕсЃЅсѓ»сЃфсЃЋ		1288		255	-14.5369
сЃЕсѓ»		1285		391	-14.7104
сЃЕсѓцсЃа	сѓЅсЂёсѓђ	1285		80	-14.2913
сЃЕсѓ╣сЃѕ	сѓЅсЂЎсЂе	1285		501	-14.3185
сЃЕсѓцсЃ│сѓгсЃ»	сЃЕсѓцсЃ│тиЮ	1288		432	-12.0414
сЃЕсЃ│сЃЕсЃ│	уѕЏуѕЏ	1285		501	-18.8289
сЃЕсЃќсЃфсЃё		1285		501	-13.5851
сЃЕсѓцсЃа	rhyme	1285		121	-17.9351
сЃЕсѓцсѓИсЃ│сѓ░сѓхсЃ│		1288		374	-14.8004
сЃЕсѓцсѓи	УљітГљ	1289		501	-17.9060
сЃЕсЃЃсѓ»	сѓЅсЂБсЂЈ	1285		501	-14.5967
сЃЕсЃ│сЃћ	Т┐ФУ▓╗	1283		193	-18.0694
сЃЕсѓцсѓ▓сѓГ	жЏиТњЃ	1283		320	-11.7178
сЃЕсѓ╗сЃ│сѓИсЃДсѓд	Уъ║ТЌІуіХ	1285	1298	17	-13.4562
сЃЕсѓцсЃАсѓц	жЏиж│┤	1285		91	-13.6271
сЃЕсЃ│сѓйсѓдсЃјсѓдсѓисЃЦ	тЇхтиБтџбУЁФ	1288		501	-14.9244
сЃЕсЃЂсЃісѓц	тЪњтєЁ	1285		501	-18.6282
сЃЕсѓ»сЃђ	сѓЅсЂЈсЂа	1285		312	-14.8016
сЃЕсЃЃсѓФ		1288		373	-14.8418
сЃЕсЃЌсѓ│сЃ│	rapcon	1285		501	-17.9351
сЃЕсѓ»сЃјсѓд	жЁфУЙ▓	1285		55	-12.7720
сЃЕсЃ│сѓФсѓ»	тЇхТаИ	1285		501	-18.6282
сЃЕсѓцсѓ▓сЃёсѓцсѓ│сѓд	ТЮЦТюѕС╗ЦжЎЇ	1314		17	-13.4337
сЃЕсЃ╝сЃъсЃ╝сЃцсЃі		1288		189	-14.0760
сЃЕсЃ│сѓг	УўГућ╗	1285		501	-18.6282
сЃЕсЃгсЃъсѓисѓ┐	сѓЅсѓїсЂЙсЂЌсЂЪ	876	435	17	-10.2960
сЃЕсѓ»сѓйсЃ│	УљйУ╣▓	1285		501	-18.6282
сЃЕсЃ╝сЃЅ		1285		149	-12.8585
сЃЕсѓ»сЃІсЃісЃЃ	ТЦйсЂФсЂфсЂБ	1287	786	17	-11.0980
сЃЕсѓцсѓГсЃЦсѓд	жЏиуљЃ	1285		501	-18.6282
сЃЕсѓцсЃќсѓ┐сЃјсѓисЃЪ	сЃЕсѓцсЃќТЦйсЂЌсЂ┐	1285		17	-12.7874
сЃЕсЃЃсЃЌ		1285		63	-10.6544
сЃЕсѓ»сЃЂсЃБсѓ»	УљйУЉЌ	1283		501	-18.0694
сЃЕсѓгсЃ│	УБИую╝	1285		23	-13.4512
сЃЕсЃ╝сЃАсЃ│сѓ┐сЃЎ	сЃЕсЃ╝сЃАсЃ│жБЪсЂ╣	1285	625	17	-11.3220
сЃЕсѓцсЃЄсЃ│	жЏижЏ╗	1285		190	-12.6093
сЃЕсѓцсЃѕ	Light	1288		453	-12.4601
сЃЕсЃ│сЃџсѓц	УЌЇУЃї	1285		501	-18.3181
сЃЕсЃ│сЃЄсѓБ		1291		255	-11.7487
сЃЕсѓ║сЃГ		1289		11	-14.6449
сЃЕсѓдсЃАсЃ│	сѓЅсЂєсѓЂсѓЊ	1285		501	-18.5412
сЃЕсѓцсЃ│сѓг	сЃЕсѓцсЃ│сЂї	1285	148	17	-11.2894
сЃЕсѓцсЃЌсЃёсѓБсЃњ		1285		463	-12.5196
сЃЕсЃ│сЃюсЃ╝		1289		459	-11.6725
сЃЕсѓ»сЃесѓд	Т┤ЏжЎй	1285		8	-12.2204
сЃЕсЃ│сѓ▒сЃ│	УўГтЅБ	1289		501	-17.9060
сЃЕсЃесЃ│		1293		400	-13.8450
сЃЕсѓц	уБі	1288		501	
сЃЕсЃЂ	уЙЁУЄ┤	1283		501	-18.0694
сЃЕсЃ│	жИъ	1290		128	-13.2947
сЃЕсЃЄсѓфсЃ│	radeon	1288		501	-17.6581
сЃЕсѓИсѓфсѓ│сѓдсѓХ	сЃЕсѓИсѓфУгЏт║Д	1288		27	-14.4139
сЃЕсѓцсѓ║		1292		203	-11.7290
сЃЕсѓцсЃЂсЃДсѓд	ТЮЦУЂ┤	1283		501	-17.9397
сЃЕсѓАсЃАсЃ│	сѓЅсЂЂсѓЂсѓЊ	1285		501	-18.5412
сЃЕсѓцсѓФ	сѓЅсЂёсЂІ	1289		150	-12.9945
сЃЕсѓ░сѓ▒сЃг	сЃЕсѓ░сЂЉсѓї	13		501	-12.1242
сЃЕсЃ│сѓФ	тхљУі▒	1288		501	-18.5231
сЃЕсЃќсЃгсѓ┐сЃ╝		1285		161	-12.3523
сЃЕсѓцсѓХсЃќсЃГсѓд	жа╝СИЅжЃј	1291		501	-16.2265
сЃЕсЃ│сѓИсЃДсѓд	С╣▒тБ░	1285		501	-18.6282
сЃЕсѓц		1285		149	-11.8128
сЃЕсѓцсѓ╗сѓц	УђњС║Ћ	1291		501	-18.1724
сЃЕсЃ│сѓгсѓ»сѓисЃБ	УўГтГдУђЁ	1288		251	-13.7509
сЃЕсѓ»сЃѕ		1285		501	-14.5772
сЃЕсЃесѓисЃЦ		1288		273	-14.1380
сЃЕсЃ│сѓФ	УўГуДЉ	1285		501	-18.6282
сЃЕсЃЃсѓ▒сѓц	УљйжаИ	1285		501	-18.6282
сЃЕсЃљ	жеЙждг	1285		55	-16.9901
сЃЕсѓцсѓисЃБсЃ»сЃ╝		1290		149	-12.5273
сЃЕсЃ│сЃЂсЃБсЃ│	сЃЕсЃ│сЂАсѓЃсѓЊ	1288		501	-13.8599
сЃЕсЃ│	RAN	1289		407	-13.4018
сЃЕсЃќсѓ│сЃАсЃЄсѓБ		1288		322	-13.2928
сЃЕсѓцсѓисЃБ	уЎЕУђЁ	1285		501	-17.2195
сЃЕсЃ│сѓи	тЇхтГљ	1285		355	-13.2651
сЃЕсЃ│сѓГ	УЌЇжг╝	1289		501	-17.9060
сЃЕсЃЃсЃѕ	сѓЅсЂБсЂе	1285		501	-15.3190
сЃЕсЃЋсЃЌсЃгсЃ╝		1288		211	-14.2475
сЃЕсЃЃсѓФсЃ│сЃєсѓГ	ТЦйУд│уџё	1283	1299	17	-11.8352
сЃЕсЃ│сѓФсѓ»	тЇхТ«╗	1285		333	-15.0579
сЃЕсѓисѓцсЃЄсѓ╣сЃе	сѓЅсЂЌсЂёсЂДсЂЎсѓѕ	383	288	17	-11.2497
сЃЕсЃгсЃєсѓцсЃісѓц	сѓЅсѓїсЂдсЂёсЂфсЂё	876	473	17	-10.8185
сЃЕсѓцсЃЅсѓисѓДсѓб		1288		501	-14.5112
сЃЕсЃбсЃ╝		1288		416	-14.3693
сЃЕсЃ│сЃфсЃ│	С╣▒тђФ	1285		501	-16.9185
сЃЕсѓ»сЃјсѓд	сѓЅсЂЈУЙ▓	1285		501	-18.9467
сЃЕсЃ│сЃѕсѓд	С╣▒жЌў	1283		211	-12.1894
сЃЕсѓ»сѓисЃД	Т┤ЏТЏИ	1285		501	-18.6282
сЃЕсЃ│сЃЎсЃФсЃѕ		1289		273	-13.6411
сЃЕсѓцсѓ▓сЃёсЃъсЃё	ТЮЦТюѕТюФ	1314	1305	17	-13.3595
сЃЕсѓцсЃЋсЃЈсЃЃсѓ»		1288		501	-12.5490
сЃЕсЃгсЃФсЃјсЃЈ	сѓЅсѓїсѓІсЂ«сЂ»	870	261	17	-10.4212
сЃЕсЃ│сѓхсѓ»	С╣▒Сйю	1283		501	-16.7064
сЃЕсЃ│сЃъсѓ»	тЇхУєю	1285		501	-18.6282
сЃЕсѓ»сЃєсЃ│сѓ░сЃФсЃ╝сЃЌ	ТЦйтцЕсѓ░сЃФсЃ╝сЃЌ	1288		206	-14.7890
сЃЕсѓ┐сЃѕсѓЦсѓцсЃд		1288		501	-14.2857
сЃЕсѓцсѓд	РЏѕ	1285		501	-24.6396
сЃЕсѓцсѓ│сѓдсѓИ	ТЮЦУ┐јт»║	1293		358	-13.8614
сЃЕсЃ│сѓ│	УўГтГљ	1291		49	-13.0544
сЃЕсѓ░сѓГсЃБ	сЃЕсѓ░сЂЇсѓЃ	17		501	-12.1242
сЃЕсЃ│сЃЏсѓд	тЇхУЃъ	1285		355	-18.6282
сЃЕсЃ│	С╣▒	560		498	-17.4709
сЃЕсЃ│сЃъсЃІсЃќсЃ│сЃјсѓцсЃЂ	сѓЅсѓЊсЂЙ1/2	1288		415	-14.0813
сЃЕсѓ░сЃ╝сѓХ		1290		400	-13.2290
сЃЕсѓИсѓфсЃљсЃ│сѓ░сЃЪ	сЃЕсѓИсѓфуЋфухё	1288		305	-10.3818
сЃЕсЃ│сЃЈсЃ│сѓисЃБ	С╣▒тЈЇт░ё	1283		174	-14.0473
сЃЕсѓ»сѓИсЃДсѓд	УљйтЪј	1283		498	-11.7842
сЃЕсЃЋсѓАсѓцсѓесЃЃсЃѕ		1289		138	-11.5059
сЃЕсѓ╣сЃђсЃ│		1285		17	-13.1281
сЃЕсЃфсЃг	сЃЕсЃфсѓї	784		501	-14.2687
сЃЕсѓ»сЃГсѓд	ТЦйТхф	1293		501	-17.7008
сЃЕсЃгсЃФсЃесѓд	сѓЅсѓїсѓІсѓѕсЂє	870	1312	17	-9.4358
сЃЕсѓцсѓ»	like	1288		121	-11.8478
сЃЕсЃЊсЃ│		1290		38	-12.7014
сЃЕсѓ»	ТЦй	1298		251	-10.4811
сЃЕсЃЋсЃЄсѓХсѓцсЃ│		1285		89	-15.3800
сЃЕсѓцсѓ╣	rice	1289		391	-12.9887
сЃЕсЃ╝сѓ▓сЃф		1288		490	-14.2217
сЃЕсѓцсѓИсЃЦсѓд	жЏиуЇБ	1285		297	-14.7820
сЃЕсѓцсѓ»	жЏитЈЦ	1290		501	-17.7354
сЃЕсЃ│	жИъ	1294		128	-17.0867
сЃЕсЃ│сѓдсЃ│	С╣▒жЏ▓	1285		501	-17.8906
сЃЕсѓцсѓХсЃ│	жЏит▒▒	1293		114	-15.0476
сЃЕсѓцсѓ╗сѓГ	ТЮЦтИГ	1285		501	-18.6282
сЃЕсѓцсЃѕсЃјсЃЎсЃФсѓхсЃЃсѓФ	сЃЕсѓцсЃѕсЃјсЃЎсЃФСйют«Х	1288		14	-13.9666
сЃЕсЃ»сЃ│		1285		202	-15.8845
сЃЕсЃ│	сѓЅсѓЊ	1281		437	-17.9611
сЃЕсЃ│сѓ┤	УўГУфъ	1285		352	-18.6282
сЃЕсѓ»сѓ┐сЃ│сЃјсЃњсЃДсѓдсѓИсЃДсѓд	­Ъўъ	1285		501	-22.7849
сЃЕсЃФсЃ╝		1289		470	-13.8602
сЃЕсѓ»сѓхсѓц	Т┤ЏУЦ┐	1288		81	-14.4596
сЃЕсѓдсЃ│сЃЅсѓбсЃљсѓдсЃѕ		1288		469	-13.6738
сЃЕсЃгсЃєсѓцсЃФ	сѓЅсѓїсЂдсЂёсѓІ	876	919	17	-8.6694
сЃЕсѓцсЃќсѓФсЃАсЃЕ		1288		39	-14.1073
сЃЕсЃЃсѓисЃБсѓц	сѓЅсЂБсЂЌсѓЃсЂё	1246		420	-6.7208
сЃЕсЃІсЃ│сѓ▓сЃ│	сѓЅС║║жќЊ	1298	1285	17	-13.5342
сЃЕсЃЂсЃБсЃ│	сѓЅсЂАсѓЃсѓЊ	1298	1302	17	-12.2504
сЃЕсЃ│сЃё		1289		204	-13.6333
сЃЕсЃФсЃГсЃ╝сѓ┤	сѓЅсѓІсѓЇсЃ╝сЂћ	1288		501	-18.5231
сЃЕсѓцсЃЊсЃДсѓд	уЎЕуЌЁ	1285		457	-15.7645
сЃЕсѓисЃДсѓдсЃбсЃ│	уЙЁућЪжќђ	1288		477	-13.1975
сЃЕсѓ»сЃі	ТЦйсЂф	1287	454	17	-10.4409
сЃЕсЃ│сѓ▓сЃФсЃЈсЃ│сѓ╣сЃѕсѓд	сЃЕсЃ│сѓ▓сЃФсЃЈсЃ│сѓ╣т│Х	1288		355	-14.8144
сЃЕсЃгсЃФсЃе	сѓЅсѓїсѓІсѓѕ	870	288	17	-11.2732
сЃЕсЃљ		1285		149	-12.8552
сЃЕсѓ░сЃЊсЃ╝сЃюсЃ╝сЃФ		1285		256	-15.1181
сЃЕсѓцсѓ┐		1285		64	-14.7133
сЃЕсЃ│сѓ▓сЃ╝сѓИ	language	1285		5	-17.8906
сЃЕсѓИсѓесЃ╝сѓ┐сЃ╝		1285		95	-13.1046
сЃЕсЃ│сѓ┐сѓцсЃасЃЕсѓцсЃќсЃЕсЃф		1288		197	-14.5203
сЃЕсѓГсЃЅсЃГ		1285		501	-14.5747
сЃЕсѓцсѓисЃЦсѓд	ТЮЦжЏє	1283		501	-17.4397
сЃЕсЃфсЃг	сЃЕсЃфсѓї	768		501	-14.2688
сЃЕсѓцсѓфсЃ│сѓ║сѓ»сЃЕсЃќ		1292		300	-13.3310
сЃЕсЃ│сѓ░сЃгсЃ╝		1288		230	-13.6414
сЃЕсѓцсѓ│сѓд	жЏитЁЅ	1285		89	-14.9559
сЃЕсЃЃсѓГсЃ╝сѓ╗сЃќсЃ│		1285		488	-15.0139
сЃЕсЃа	ram	1285		277	-17.8906
сЃЕсЃ│сѓ▓		1289		470	-13.5758
сЃЕсЃ│сЃЅсѓд	УўГуФЦ	1291		501	-14.9535
сЃЕсѓцсѓфсЃ│	Lion	1292		367	-12.9273
сЃЕсЃ│сЃъ	сѓЅсѓЊжќЊ	1285		501	-14.3095
сЃЕсѓ░сЃісЃГсѓ»сѓфсЃ│сЃЕсѓцсЃ│		1288		363	-14.4057
сЃЕ	УЅ»	1288		501	
сЃЕсѓдсЃ│		1289		501	-15.8519
сЃЕсЃќ	­ЪФХ	5		501	-18.3323
сЃЕсЃ│сѓ│сѓд	С╣▒УАї	1285		498	-17.3293
сЃЕсѓ║сЃф	lazuli	1285		501	-17.9351
сЃЕсЃ│сѓгсѓц	Тгётцќ	1285		59	-14.3860
сЃЕсЃЋсѓАсЃ╝сЃФ		1288		413	-14.8653
сЃЕсѓцсЃќ	Live	1288		40	-11.0952
сЃЕсЃ│сЃё	уІ╝тГљ	1293		501	-17.7008
сЃЕсЃљсЃ╝сѓ║		1288		22	-15.3482
сЃЕсЃ│сѓ╣		1289		329	-11.3547
сЃЕсѓисѓФсЃЃ	сѓЅсЂЌсЂІсЂБ	397		427	-4.9487
сЃЕсѓ░сѓФсЃГ	сЃЕсѓ░сЂІсѓЇ	25		501	-12.1242
сЃЕсѓ»сЃісЃ│	Т┤ЏтЇЌ	1288		81	-14.9278
сЃЕсЃЃсѓФсЃ│	ТЦйУд│	1283		287	-11.5555
сЃЕсѓ»сѓ╗сЃ│сЃЄсѓ╣	УљйжЂИсЂДсЂЎ	1283	460	17	-10.5181
сЃЕсѓцсЃќсЃј	сЃЕсѓцсЃќсЂ«	1285	368	17	-10.3754
сЃЕсЃюсЃЕсЃѕсЃфсЃ╝		1285		294	-15.0682
сЃЕсѓцсѓхсЃ│	уц╝У│Џ	1283		88	-13.0694
сЃЕсѓцсѓ╗сЃ│сѓ╣сѓ▒сѓцсЃцсѓ»	сЃЕсѓцсѓ╗сЃ│сѓ╣тЦЉу┤ё	1285	1283	17	-13.4393
сЃЕсѓ»сЃљсЃ│	УљйуЏц	1283		425	-14.5832
сЃЕсЃ│сЃЂсЃЦсѓд	УўГжІ│	1285		501	-17.1022
сЃЕсѓ»сЃісЃ│	Т┤ЏтЇЌ	1285		81	-18.6282
сЃЕсЃ│сЃЄ		1289		448	-15.7404
сЃЕ	сЃЕсѓЎ	1288		501	-20.0000
сЃЕсЃъсЃђсЃ╝сЃ│		1288		482	-13.7164
сЃЕсЃгсЃєсѓ┐	сѓЅсѓїсЂдсЂЪ	876	435	17	-11.0242
сЃЕсЃќ		1285		203	-11.5859
сЃЕсѓцсЃѕсѓ░сЃфсЃ╝сЃ│		1285		242	-14.6518
сЃЕсѓцсЃЋсѓцсЃЎсЃ│сЃѕ		1285		17	-13.1019
сЃЕсѓцсЃ│сѓФсЃЕсЃ╝		1288		242	-12.4777
сЃЕсѓфсѓд	уЙЁујІ	1289		135	-13.2842
сЃЕсѓ»сЃфсЃ│	УљйУ╝ф	1285		501	-18.6282
сЃЕсЃ│сѓ╗сѓц	С╣▒Тћ┐	1285		501	-18.6282
сЃЕсЃ│сЃљсЃё	Т┐ФС╝љ	1283		501	-18.0694
сЃЕсѓисЃЦсЃбсѓб		1288		140	-14.9678
сЃЕсЃ│сЃЕсЃ│		1289		101	-12.6575
сЃЕ	уЙЁ	1285		128	-18.6282
сЃЕсѓисЃ│сЃљсЃ│	сѓЅсЂЌсѓЊсЂ░сѓЊ	1288		92	-14.9068
сЃЕсѓцсЃгсЃ╝		1288		168	-13.9433
сЃЕсѓцсѓисЃЦ	уЎЕУЁФ	1285		501	-18.6282
сЃЕсѓцсЃЋсЃФсЃЏсѓд	сЃЕсѓцсЃЋсЃФуа▓	1288		264	-14.3968
сЃЕсѓ»сѓИсЃё	УљйТЌЦ	1285		389	-14.6239
сЃЕсЃ│сѓИсЃБ	УўГж║Ю	1285		501	-18.0923
сЃЕсѓц	тћ│	1288		501	
сЃЕсЃ│сѓ▓сЃ╝сѓИсѓ║	languages	1285		44	-17.8906
сЃЕсѓцсЃЋсѓ╣сЃєсЃ╝сѓИ		1292		501	-11.7814
сЃЕсѓцсЃгсѓГ	ТЮЦТГ┤	1285		59	-9.5629
сЃЕсЃЃсѓисЃе	ТІЅсЂЌсѓѕ	585		501	-15.9075
сЃЕсѓц	Rai	1289		376	-13.8828
сЃЕсѓисЃ│		1285		348	-15.0631
сЃЕсЃЈсЃєсѓБ		1288		7	-14.9606
сЃЕсЃЃсѓ╗сЃ│		1288		140	-14.9224
сЃЕсЃЃсЃЉ	С╣▒Т│б	1285		501	-18.6282
сЃЕсѓцсЃЂ		1285		93	-13.6611
сЃЕсЃфсЃФ	сЃЕсЃфсѓІ	772		501	-14.1458
сЃЕсЃ╗сЃъсЃФсѓ╗сѓцсѓесЃ╝сѓ║		1288		416	-14.8041
сЃЕсѓцсЃФ		1289		470	-13.0961
сЃЕсЃ│сѓ«сЃБсѓ»	С╣▒жђє	1285		501	-18.6282
сЃЕсЃ│сЃЅсЃфсЃ╝		1285		470	-13.8863
сЃЕсЃЏсЃ╝сЃФ		1293		373	-12.7632
сЃЕсѓ╣сѓ┐сЃЕсѓцсѓ║		1288		45	-14.9997
сЃЕсЃ╗сЃЋсЃЕсЃ│сѓ╣		1288		391	-14.6545
сЃЕсѓцсѓ▓сЃ│	ТЮЦуЈЙ	1285		501	-18.6282
сЃЕсѓИсѓфсѓисЃДсЃЃсЃћсЃ│сѓ░		1288		305	-14.2385
сЃЕсѓ╗сЃ│сѓФсѓцсЃђсЃ│	Уъ║ТЌІжџјТ«х	1289		284	-12.7962
сЃЕсЃ│сѓФ	УўГУі▒	1285		89	-18.6282
сЃЕсЃгсѓ┐	сѓЅсѓїсЂЪ	876	435	17	-7.9806
сЃЕсѓцсѓ»	ТЦйжДє	1289		122	-21.3000
сЃЕсЃ│	Тгё	1285		445	-10.1926
сЃЕсЃќсЃЂсЃБсЃ│	сѓЅсЂХсЂАсѓЃсѓЊ	1285	1302	17	-13.5469
сЃЕсѓ»	уЈъ	1288		501	
сЃЕсѓцсѓисЃЦ	сѓЅсЂёУЁФ	1285		501	-18.9467
сЃЕсЃ╝сЃъсЃесЃ│сѓ╗сѓц	сЃЕсЃ╝сЃъ4СИќ	1288		34	-14.5815
сЃЕсѓцсѓ╗сѓц	жЏитБ░	1285		501	-18.6282
сЃЕсЃЃсѓисЃе	сѓЅсЂБсЂЌсѓѕ	585		501	-16.8883
сЃЕсѓ»сЃЊ	сѓЅсЂЈТЌЦ	1285		501	-15.2289
сЃЕсЃ│сѓИсѓ»	тЇхУ╗И	1285		501	-18.6282
сЃЕсЃ│сЃІсЃ│сѓ░	­ЪЈЃ	1283		501	-22.0167
сЃЕсЃёсЃ»сЃ│	УЙБУЁЋ	1285		215	-13.8662
сЃЕсѓ»сѓИсЃДсѓд	жЏњтЪј	1293		440	-17.7008
сЃЕсЃгсѓ┐сѓ│сЃѕ	сѓЅсѓїсЂЪсЂЊсЂе	876	1310	17	-10.5480
сЃЕсЃЃсѓи	ТІЅсЂЌ	587		501	-15.9150
сЃЕсЃ»	уЙЁтњї	1285		501	-18.6282
сЃЕсѓцсЃЌсЃЂсЃњ		1293		207	-14.2104
сЃЕсЃЃсѓФ	УљйТъю	1285		487	-15.9117
сЃЕсЃ╝сЃЋ		1289		368	-13.7061
сЃЕсѓцсѓИсЃ│	жЏиуЦъ	1285		32	-13.2173
сЃЕсѓцсЃ│сѓ╣сЃѕсѓб	LINE STORE	1288		501	-13.3234
сЃЕсЃ│сѓ┐сЃГсѓд	С╣▒тцфжЃј	1289		368	-13.8574
сЃЕсѓисѓцсЃЄсѓ╣	сѓЅсЂЌсЂёсЂДсЂЎ	383	460	17	-9.8690
сЃЕсЃ│сѓИсЃБсѓ»	ТћгжЏђ	1285		501	-18.6282
сЃЕсѓисѓцсЃјсЃЄ	сѓЅсЂЌсЂёсЂ«сЂД	383	316	17	-10.6704
сЃЕсЃќсЃЏсЃєсЃФ		1285		442	-13.3229
сЃЕсЃђ		1289		6	-14.6146
сЃЕсѓц	Уљі	1290		104	-17.9586
сЃЕсЃгсЃФсѓ│сЃѕсѓг	сѓЅсѓїсѓІсЂЊсЂесЂї	870	148	17	-10.6939
сЃЕсѓцсЃа		1285		75	-12.5899
сЃЕсЃ│сѓ│сЃ│	С╣▒тЕџ	1285		186	-15.8332
сЃЕсЃїсѓГ	сѓЅТіюсЂЇ	1285		501	-19.2344
сЃЕсѓИсѓ│сЃЅсЃЃсЃѕсѓИсѓДсЃ╝сЃћсЃ╝	radiko.jp	1288		206	-14.8468
сЃЕсѓИсЃД	УБИтЦ│	1285		501	-18.6282
сЃЕсЃЉсѓ╣		1293		272	-12.8315
сЃЕсѓисЃЦсѓд	уЙЁтиъ	1293		135	-17.7008
сЃЕсѓцсѓи	ТЮЦТЌе	1285		501	-18.6282
сЃЕсѓцсѓхсЃ│	уц╝У«џ	1283		501	-18.0694
сЃЕсЃЕ	ТЎХ	1288		501	
сЃЕсѓцсѓХ		1289		25	-12.4098
сЃЕсЃ╝сЃАсЃ│сЃєсЃ│	сЃЕсЃ╝сЃАсЃ│т║Ќ	1288		442	-12.6558
сЃЕсЃЊ		1289		199	-11.4146
сЃЕсѓцсЃа	уц╝ТГд	1285		501	-18.3181
сЃЕсѓ»сѓисЃЦсЃЪсЃ╝		1288		429	-14.9190
сЃЕсЃфсЃ╝сЃгсѓцсЃЅ		1288		421	-14.6364
сЃЕсѓцсЃќсѓИсЃа	LIVE-GYM	1288		40	-13.8573
сЃЕсѓцсѓ▓сѓГсѓГ	жЏиТњЃТЕЪ	1288		413	-13.1426
сЃЕсЃ│сѓ»сѓ┐сѓц	сЃЕсЃ│сѓ»тИ»	1285	1298	17	-12.5456
сЃЕсЃ│сѓхсЃ╝сѓ║		1292		141	-11.7709
сЃЕсЃЋсЃгсѓисѓб		1289		218	-12.9069
сЃЕсЃгсЃ│	сѓЅсѓїсѓЊ	871		479	-4.6673
сЃЕсЃ╝сЃАсЃ│сѓ║		1288		122	-13.9989
сЃЕсѓцсѓФсЃ│сѓисЃБ	ТЮЦжцеУђЁ	1288		387	-13.8959
сЃЕсѓФсЃ│сЃЅсЃ│		1293		501	-15.6214
сЃЕсѓцсЃќсЃЈсѓдсѓ╣		1285		172	-11.6013
сЃЕсЃЪсѓб		1288		459	-15.2864
сЃЕсЃъсЃ│		1288		339	-14.2689
сЃЕсЃ│сЃЂсѓГсѓхсЃ»сѓ«	С╣▒уЌ┤Т░ЌжењсЂј	1285		252	-15.3111
сЃЕсѓцсЃЊсЃ│	ТЮЦТЋЈ	1289		501	-15.4379
сЃЕсЃ│сѓ▒сѓц	УўГТ║ф	1289		501	-17.9060
сЃЕсѓцсѓ╗сЃ│	ТЮЦУѕ╣	1285		501	-18.6282
сЃЕсѓхсЃ╝сЃФсѓцсѓисѓц	сЃЕсѓхсЃ╝сЃФуЪ│С║Ћ	1289		409	-13.1129
сЃЕсЃ╝		1293		429	-16.5481
сЃЕсѓцсЃЋсѓ▓сЃ╝сѓИ		1288		283	-14.7538
сЃЕсѓцсѓфсЃ│		1285		499	-11.3279
сЃЕсѓИсѓфсѓФсЃ╝		1288		305	-14.5495
сЃЕсЃ│сѓ»сЃФ		1288		227	-14.8525
сЃЕсѓцсЃ│	сѓЅсЂёсѓЊ	1288		293	-13.1041
сЃЕсѓцсЃЈсѓц	уц╝ТІЮ	1283		199	-18.3317
сЃЕсЃІ	сѓЅсЂФ	1298	151	17	-10.4765
сЃЕсЃЋсЃЕсЃ│сѓ╣		1288		501	-14.9292
сЃЕсЃ╝сѓг		1288		458	-14.5162
сЃЕсѓгсѓисЃЦ		1288		359	-13.8458
сЃЕсЃќсЃдсЃ╝	love you	1288		367	-13.2042
сЃЕсЃ│сЃЂ	сѓЅсѓЊсЂА	1285		501	-14.9656
сЃЕсЃ│сЃІсЃ│сѓ░сѓ│сѓ╣сЃѕ		1288		351	-13.4619
сЃЕсѓцсЃасѓ«сЃљсѓ┐сѓ▒сЃЄсЃёсѓФсЃъсѓесЃє	сЃЕсѓцж║дуЋЉсЂДсЂцсЂІсЂЙсЂѕсЂд	1288		401	-14.6252
сЃЕсѓЙсѓ»	УБИТЌЈ	1285		54	-14.8004
сЃЕсѓИсѓфсѓисЃЦсЃёсѓесЃ│	сЃЕсѓИсѓфтЄ║Т╝ћ	1285	1283	17	-13.3056
сЃЕсЃЎсЃФсЃёсѓ▒	сЃЕсЃЎсЃФС╗ўсЂЉ	1285		52	-15.2392
сЃЕсѓ»	Та╝	1288		501	
сЃЕсЃ│сѓ░сѓц	С╣▒ТЮГ	1285		147	-16.3166
сЃЕсЃ│сЃЅсЃф	С╣▒тЈќсѓі	1285		137	-14.6467
сЃЕсѓ«сѓц	сЃЕсѓ«сЂё	19		501	-12.6482
сЃЕсЃ│сЃесѓд	сѓЅсѓЊуће	1283		501	-18.8426
сЃЕсѓ»сЃђ		1285		499	-12.5147
сЃЕсѓцсЃѕсЃЌсЃЕсЃ│		1288		501	-14.2478
сЃЕсѓдсЃЕ		1289		25	-13.1517
сЃЕсѓ»сЃЂ	ТЦйтю░	1285		501	-18.7236
сЃЕсѓ»сѓХсЃ│	Теѓт▒▒	1293		501	-17.7008
сЃЕсЃЃсЃћсЃ│сѓ░сѓисЃБсЃфсЃДсѓд	сЃЕсЃЃсЃћсЃ│сѓ░У╗іСИА	1288		202	-13.7333
сЃЕсѓхсЃ╝сЃФ		1290		470	-12.8691
сЃЕсѓ»сѓисЃЦсЃ│	ТЦйС┐і	1289		501	-13.6106
сЃЕсЃќсѓ│сЃА		1288		322	-12.0882
сЃЕсѓд	уЙЁт«Є	1285		4	-15.9460
сЃЕсѓцсѓфсѓд	ТЮЦтЙђ	1283		233	-16.2905
сЃЕсЃєсЃ│сЃбсѓИ	сЃЕсЃєсЃ│ТќЄтГЌ	1288		340	-11.4117
сЃЕсѓцсЃѕсЃдсЃ╝сѓХсЃ╝		1288		79	-14.0618
сЃЕсѓИсѓфсѓфсѓГсЃісЃ»	сЃЕсѓИсѓфТ▓ќуИё	1288		305	-14.2140
сЃЕсЃ│сѓ╗сЃ│	УЌЇТ│Ѕ	1291		501	-18.1724
сЃЕсѓцсѓфсЃЇсЃФ		1291		329	-12.7148
сЃЕсѓцсЃЄсЃ│	сѓЅсЂёсЂДсѓЊ	1285		501	-18.9467
сЃЕсЃЃсѓГсЃДсѓд		1285		93	-14.8040
сЃЕсѓ»сЃАсЃ│	УљйуХ┐	1285		501	-18.6282
сЃЕсѓ╣	LAS	1288		277	-14.3158
сЃЕсѓисѓцсЃе	сѓЅсЂЌсЂёсѓѕ	383	288	17	-10.5308
сЃЕ	уЙЁ	1290		128	-10.1244
сЃЕсѓцсѓесЃ│	ТЮЦТЈ┤	1283		411	-14.2321
сЃЕсЃЕсЃљсѓц		1288		67	-14.5140
сЃЕсѓисѓГ	сѓЅсЂЌсЂЇ	385		155	-4.9428
сЃЕсЃЕсЃЋсѓДсЃФ		1285		501	-14.5550
сЃЕсЃ│	УдД	1285		128	-14.0085
сЃЕсЃ│сЃЌ	LAMP	1288		197	-14.6287
сЃЕсЃА	сѓЅсѓЂ	1285		437	-13.7930
сЃЕсѓХ	сѓЅсЂќ	1283		99	-14.7471
сЃЕсѓ»сЃєсЃ│сѓцсЃ╝сѓ░сЃФсѓ╣	ТЦйтцЕсѓцсЃ╝сѓ░сЃФсѓ╣	1288		372	-14.0914
сЃЕсѓцсѓисЃБ	ТЮЦУ╗і	1285		426	-14.6209
сЃЕсѓцсЃєсЃЋ	сѓЅсЂёсЂдсЂх	1291		501	-18.1724
сЃЕсЃ│сѓ╣сѓц	тЇхТ░┤	1285		501	-18.6282
сЃЕсѓцсЃќсЃгсЃЮ		1285		17	-13.5217
сЃЕсѓцсЃ│сЃЈсЃФсЃѕ		1289		252	-11.9596
сЃЕсЃёсѓисЃДсѓд	УЙБТцњ	1285		501	-18.6282
сЃЕсѓцсЃ│сѓбсЃЃсЃЌ		1288		168	-12.7129
сЃЕсЃ│сѓФсѓ╣сѓ┐сЃ╝		1293		417	-15.0618
сЃЕсЃ│сЃєсѓБсѓ╣	Lantis	1288		353	-14.9466
сЃЕсЃЃсѓ╣	ТІЅсЂЎ	584		501	-15.9117
сЃЕсЃгсЃе	сѓЅсѓїсѓѕ	872		78	-4.6709
сЃЕсѓИсѓфсѓ┐сѓцсѓйсѓд	сЃЕсѓИсѓфСйЊТЊЇ	1285	1283	17	-13.3904
сЃЕсЃ│сЃдсѓд	УўГтХ╝	1293		166	-17.7008
сЃЕсЃ╝сЃАсЃ│	сѓЅсЃ╝сѓЂсѓЊ	1285		442	-12.9923
сЃЕсѓцсЃ»	ТЮЦтђГ	1283		501	-18.0694
сЃЕсѓ»сЃєсЃ│	rakuten	1288		501	-14.3065
сЃЕсЃ│сѓхсЃа		1289		470	-14.4403
сЃЕсЃ│сѓисЃ│	С╣▒Уе║	1285		501	-18.6282
сЃЕсѓцсЃ│сЃ▓	сЃЕсѓцсЃ│сѓњ	1285	156	17	-11.2811
сЃЕсѓИсѓ│		1288		501	-14.7153
сЃЕсѓ╣сѓ»		1285		470	-13.2550
сЃЕсЃќсЃЏсЃєсЃФ	­ЪЈЕ	1285		501	-25.0513
сЃЕсЃЃсѓисЃ╝		1288		11	-13.9727
сЃЕсѓ╣		1289		149	-16.8764
сЃЕсЃ│сЃЉсЃё	Т┐ФуЎ║	1283		43	-14.6007
сЃЕсЃ│сѓисЃЦсѓд	УўГТ┤▓	1291		501	-17.0738
сЃЕсЃЃсѓГсЃ╝сѓ╣сѓ▒сЃЎ		1288		501	-14.5575
сЃЕсѓ»сѓ┐сЃГсѓд	ТЦйтцфжЃј	1289		170	-13.8057
сЃЕсѓцсѓИсЃ│сѓ░сЃЌсЃГсЃђсѓ»сѓисЃДсЃ│		1292		14	-13.5310
сЃЕсЃ│сЃъ		1288		501	-14.5566
сЃЕсѓцсѓисЃЦсѓдсЃЈ	ТЮЦжђ▒сЂ»	1314	261	17	-10.9380
сЃЕ	Тхд	1288		501	
сЃЕсѓцсѓ│сѓд	ТЮЦжЎЇ	1285		501	-18.6282
сЃЕсѓцсЃњ		1289		325	-12.1089
сЃЕсѓ»сЃѕсѓд	Т┤ЏТЮ▒	1293		200	-17.7008
сЃЕсѓ»сѓисЃД	ТЦйТЅђ	1285		465	-16.0788
сЃЕсЃ│сѓ│сѓд	С╣▒С║ц	1288		51	-13.8258
сЃЕсѓцсѓЙсѓд	жа╝СИЅ	1291		285	-18.1724
сЃЕсЃ│сЃЄсѓБсЃ╝сѓ║		1288		462	-15.7505
сЃЕсѓцсѓЙсѓд	жЏиУћх	1291		477	-12.1647
сЃЕсЃ┤сѓБ		1289		1	-13.6702
сЃЕ	УБИ	1285		295	-21.1294
сЃЕ	сѓЅ	1285		344	-11.5793
сЃЕсЃІсѓесЃф		1289		434	-15.4901
сЃЕсЃфсЃ╝сЃ╗сЃљсЃ╝сЃЅ		1289		62	-13.4214
сЃЕсѓфсЃ│	сЃЕжЪ│	1285		501	-18.0304
сЃЕсѓ»сѓх	ТЦйсЂЋ	1287	1304	17	-13.2686
сЃЕсЃ│	RUN	1288		40	-13.0296
сЃЕсѓ»сѓ┤сѓ┐сЃєсѓФсЃ»сЃфсЃЦсѓд	УљйУфъуФІтиЮТхЂ	1288		73	-14.6999
сЃЕсѓ»сЃєсЃ│	Rakuten	1288		493	-14.0615
сЃЕсЃѕсЃљсЃ╝сѓ░	rutberg	1289		501	-16.8074
сЃЕсЃЌсѓйсЃЄсѓБ		1285		223	-14.7804
сЃЕсѓц		1289		149	-18.1292
сЃЕсѓц	У│┤	1288		501	
сЃЕсѓц	у▒Ъ	1288		501	
сЃЕсѓ»сѓ╗сЃ│сѓдсЃ│сЃЅсѓд	УљйжЂИжЂІтІЋ	1288		216	-14.6323
сЃЕсѓцсЃЋсѓ╗сЃ╝сЃЊсЃ│сѓ░		1288		362	-13.9905
сЃЕсЃ│сѓ░сѓц	С╣▒сЂљсЂё	1285		501	-18.6282
сЃЕсЃгсЃісѓцсЃњсЃѕ	сѓЅсѓїсЂфсЂёС║║	873	473	17	-11.3344
сЃЕсЃ│сѓФсЃ│	тЇху«А	1285		501	-18.6282
сЃЕсѓцсЃісЃ╝		1285		64	-11.9543
сЃЕсѓцсЃќ		1285		172	-8.7491
сЃЕсѓц	СЙє	1290		395	-11.7119
сЃЕсѓ│	уЙЁтДЉ	1291		501	-18.1724
сЃЕсѓисЃ│	уЙЁжЇ╝	1285		501	-18.6282
сЃЕсЃ│сѓ╗сЃё	тхљжЏф	1291		501	-14.7129
сЃЕсѓц	тёА	1288		501	
сЃЕсѓцсЃѕ	lite	1289		288	-13.4833
сЃЕсЃј		1293		501	-16.6022
сЃЕ	УўГ	1288		501	
сЃЕсѓцсѓФ	LEICA	1288		501	-14.9649
сЃЕсѓцсЃЕсѓц	ТЮЦТЮЦ	1285		501	-18.6282
сЃЕсѓисЃ│сЃ╗сѓ»сЃФсЃќ		1285		501	-15.0912
сЃЕсЃфсЃ│	сЃЕсЃфсѓЊ	774		501	-14.2688
сЃЕсѓцсѓхсЃ│	уц╝У«Ѓ	1283		501	-18.0694
сЃЕсЃгсЃісѓцсЃј	сѓЅсѓїсЂфсЂёсЂ«	873	1310	17	-10.6075
сЃЕсЃ╝сѓИсЃњсЃФ		1285		7	-14.4811
сЃЕсѓцсѓ╗сѓц	ТЮЦтЙЂ	1285		501	-18.6282
сЃЕсЃЂ	ТІЅУЄ┤	1283		490	-11.2837
сЃЕсЃєсЃ│сѓ▒сѓц	сЃЕсЃєсЃ│у│╗	1288		408	-13.1184
сЃЕсЃЋ	Laugh	1289		121	-13.4392
сЃЕсЃ│сѓ▓сЃ╝сѓИ		1285		294	-14.7700
сЃЕсЃгсѓ┐сЃЕ	сѓЅсѓїсЂЪсѓЅ	876	433	17	-10.0723
сЃЕсѓцсЃЋсЃГсѓ░		1288		501	-13.8109
сЃЕсѓф	УјЅуињ	1291		501	-13.6535
сЃЕсЃ│сѓ╝	УўГСИќ	1289		501	-13.2826
сЃЕсѓцсЃ│сѓбсѓдсЃѕ		1285		198	-15.0267
сЃЕсѓцсѓесЃ│	ТЮЦтюњ	1283		290	-13.5776
сЃЕсѓ»сЃєсЃ│сЃєсѓГ	ТЦйтцЕуџё	1287		66	-12.7035
сЃЕсѓ░сЃЕсЃ│сѓИсЃЦсЃєсЃ│	сЃЕсѓ░сЃЕсЃ│сѓИсЃЦуѓ╣	1288		466	-14.4413
сЃЕсѓ»сѓгсЃ│	УљйжЏЂ	1285		93	-14.7662
сЃЕсѓИсѓбсЃ╝сѓ┐		1288		501	-14.9764
сЃЕсѓфсѓ┐сѓц	УђЂтцД	1285		501	-18.3181
сЃЕсЃФ		1289		459	-12.5278
сЃЕ	сѓЅ	1298		344	-6.4220
сЃЕсЃќсЃЂсЃБсЃ│	сЃЕсЃќсЂАсѓЃсѓЊ	1285	1302	17	-13.3748
сЃЕсѓ»сѓ▓сЃё	УљйТюѕ	1285		501	-18.6282
сЃЕсЃЃсѓисЃЦ		1285		63	-11.3524
сЃЕсЃГ		1289		416	-14.3715
сЃЕсЃ│сѓисЃ│	С╣▒уЦъ	1285		501	-18.6282
сЃЕсЃ│сЃђ	С╣▒ТЅЊ	1283		211	-14.3021
сЃЕсѓ»сЃєсЃ│сЃЂ	ТЦйтцЕтю░	1288		2	-14.6016
сЃЕсЃ│сѓесЃю		1288		168	-14.4902
сЃЕсЃ│сЃњсЃА	УўГтДФ	1289		501	-17.9060
сЃЕсЃ╝сЃІсЃ│сѓ░	learning	1285		5	-17.9351
сЃЕ	сѓЅсѓџ	1288		501	-20.0000
сЃЕсѓц	тЙа	1288		501	
сЃЕсЃ╝сЃбсѓб		1289		339	-13.5447
сЃЕсЃ│сЃњсЃ│	УЌЇУўІ	1289		501	-17.9060
сЃЕсѓ▓сЃё	Уў┐Тюѕ	1291		501	-16.1442
сЃЕсЃ│сЃђ	сѓЅсѓЊсЂа	1287		150	-17.6422
сЃЕсѓцсЃ│сЃісЃЃсЃЌ		1285		168	-10.8823
сЃЕсЃ│сѓЙсѓд	С╣▒Ућх	1291		501	-16.5629
сЃЕсЃєсЃ│сѓбсЃАсЃфсѓФсЃќсЃ│сѓгсѓ»	сЃЕсЃєсЃ│сѓбсЃАсЃфсѓФТќЄтГд	1288		291	-14.9466
сЃЕсЃЋсѓ»	Уў┐Ућћ	1285		501	-18.5412
сЃЕсѓцсЃЇсЃ│сѓцсѓ│сѓд	ТЮЦт╣┤С╗ЦжЎЇ	1288		214	-13.3576
сЃЕсЃ╝сѓИ	large	1285		121	-17.8906
сЃЕсѓ»сЃЄ	ТЦйсЂД	1287	458	17	-11.4265
сЃЕсЃЃсѓГ		1285		501	-15.0100
сЃЕсЃ│сЃЅсЃісЃ╝		1288		319	-14.4644
сЃЕсѓдсѓИсЃЃсЃё		1293		34	-13.2546
сЃЕсѓцсЃѕ	Write	1288		232	-14.2153
сЃЕсЃЊсЃЃсЃѕ	rabbit	1289		461	-13.8497
сЃЕсЃ╝сЃъсЃ│		1289		68	-13.2779
сЃЕсѓцсЃѕсЃЈсѓдсѓ╣		1288		347	-14.9997
сЃЕсѓИсѓфсЃ╗сЃЂсЃБсЃфсЃєсѓБсЃ╝сЃ╗сЃЪсЃЦсЃ╝сѓИсЃЃсѓ»сѓйсЃ│		1288		476	-14.8595
сЃЕсЃЋсѓ╣сѓ▒сЃЃсЃЂ		1288		322	-14.2454
сЃЕсЃ│сѓисЃДсѓд	сѓЅсѓЊТЎХ	1285		501	-18.9467
сЃЕсЃгсЃФсѓи	сѓЅсѓїсѓІсЂЌ	870	304	17	-11.2063
сЃЕсЃгсЃФсѓ│сЃѕ	сѓЅсѓїсѓІсЂЊсЂе	870	1310	17	-9.6697
сЃЕсЃ│сЃЂсЃДсѓд	С╣▒СИЂ	1285		501	-16.5602
сЃЕсЃќсЃЕсЃќ	­ЪЦ░	5		501	-17.7780
сЃЕсЃ│сѓ«сЃДсѓ»	С╣▒ТЏ▓	1285		501	-18.6282
сЃЕсЃЂсѓ«сЃгсЃ│	ТІЅУЄ┤УГ░жђБ	1288		191	-14.6853
сЃЕсЃ│сѓхсѓ»	Т┐ФСйю	1283		501	-18.0694
сЃЕсЃЃсѓ»	rac	1285		501	-17.8906
сЃЕсЃєсЃ│сѓфсЃ│сѓгсѓ»	сЃЕсЃєсЃ│жЪ│ТЦй	1288		412	-13.7323
сЃЕсЃЎсЃфсЃ│сѓ░		1285		257	-13.7493
сЃЕсЃќсЃЏ		1288		501	-12.7585
сЃЕсЃ│сЃѕ		1288		34	-13.7224
сЃЕсѓи	УБИтГљ	1285		501	-18.6282
сЃЕсѓИсѓбсЃ│	сјГ	1288		501	-20.0000
сЃЕсѓцсЃЌсЃёсѓБсЃњсЃјсѓ┐сѓ┐сѓФсѓц	сЃЕсѓцсЃЌсЃёсѓБсЃњсЂ«ТѕдсЂё	1288		146	-14.8855
сЃЕсѓцсѓИсЃ│	RIZIN	1288		250	-13.2422
сЃЕсЃЂсѓбсѓ▒	тЪњТўј	1285		501	-18.6282
сЃЕсѓисѓ»сЃісѓц	сѓЅсЂЌсЂЈсЂфсЂё	1288		460	-12.3942
сЃЕсѓ░		1288		384	-12.7407
сЃЕсѓцсЃ│сѓ╣сѓ┐сЃ│сЃЌ	LINEсѓ╣сѓ┐сЃ│сЃЌ	1288		24	-12.1581
сЃЕсѓ»сЃІсЃісЃф	ТЦйсЂФсЂфсѓі	1287	788	17	-11.2898
сЃЕсѓИсѓф	сѓЅсЂўсЂі	1285		80	-14.2417
сЃЕсЃЃсѓисЃЦ	Rush	1289		376	-13.1628
сЃЕсЃЃсѓ│	УЄўУЎј	1285		501	-18.3181
сЃЕсЃфсЃЃ	сЃЕсЃфсЂБ	786		501	-14.0543
сЃЕсѓцсЃѕсЃўсЃЊсЃ╝сѓГсЃЦсѓд	сЃЕсѓцсЃѕсЃўсЃЊсЃ╝у┤џ	1288		250	-12.9164
сЃЕсЃєсѓБсѓ╣		1285		407	-15.3085
сЃЕсѓцсЃЅ		1289		64	-11.9509
сЃЕсѓдсЃ│сЃЅсЃ»сЃ│		1292		35	-13.0119
сЃЕсѓ»сЃЕсѓ»	УљйсђЁ	1285		501	-18.6282
сЃЕсѓИсѓфсѓ┐сЃ│сЃЉ	сЃЕсѓИсѓфсЂЪсѓЊсЂ▒	1292		305	-12.4577
сЃЕсѓцсЃЋсЃФсѓисЃБсѓ▓сѓГ	сЃЕсѓцсЃЋсЃФт░ёТњЃ	1288		362	-14.6912
сЃЕсѓ░сЃісЃГсѓ»		1289		212	-12.5410
сЃЕсЃЈсЃё	Уъ║жФф	1285		501	-18.6282
сЃЕсЃЌсЃЕсѓ╣сѓхсЃесѓдсѓй	сЃЕсЃЌсЃЕсѓ╣Сйюућеу┤а	1288		447	-14.9396
сЃЕсЃЂсѓгсѓц	тЪњтцќ	1285		186	-15.4833
сЃЕсЃ│сѓ»		1285		318	-10.2352
сЃЕсѓцсЃѕсЃІсЃ│сѓ░	Lightning	1289		207	-12.8704
сЃЕсѓ╗сЃЪ		1285		83	-14.6193
сЃЕсѓ»сѓгсѓГ	УљйТЏИ	1283		32	-14.4867
сЃЕсѓ»сѓ╝сЃ│	ТЦйтќё	1285		279	-18.6282
сЃЕсЃќсЃЅсЃ╝сЃФ		1288		139	-14.0345
сЃЕсЃгсЃєсѓцсЃъсѓ╣	сѓЅсѓїсЂдсЂёсЂЙсЂЎ	876	491	17	-10.5779
сЃЕсЃЃсѓ»	luck	1285		501	-17.9351
сЃЕсЃЃсЃЉ		1285		60	-12.7778
сЃЕсѓИсѓфсЃЄ	сЃЕсѓИсѓфсЂД	1285	149	17	-11.0867
сЃЕсЃ│	С╣▒	1291		498	-12.6733
сЃЕсЃќсЃјсЃ╝сЃѕ	love note	1288		501	-13.8456
сЃЕсѓ»сѓИсЃЦсѓд	УљйжЄЇ	1285		501	-18.6282
сЃЕсЃгсЃісѓцсЃ│сЃђ	сѓЅсѓїсЂфсЂёсѓЊсЂа	873	453	17	-11.2511
сЃЕсЃЋсѓАсѓцсѓесЃЃсЃѕ	сЃЕ=сЃЋсѓАсѓцсѓесЃЃсЃѕ	1289		501	-16.7429
сЃЕсЃ│сѓИсѓДсЃфсЃ╝		1285		324	-14.0337
сЃЕсЃФсѓ┤		1285		448	-14.8616
сЃЕсЃ╗сЃЄсЃЋсѓАсЃ│сѓ╣		1293		349	-14.1455
сЃЕсЃЃсѓисЃЦсѓбсЃ»сЃ╝		1285		162	-14.8044
сЃЕсѓцсЃЕсѓ»	сѓЅсЂёсѓЅсЂЈ	1287		501	-18.0477
сЃЕсЃгсЃФсѓ│сЃѕсЃІ	сѓЅсѓїсѓІсЂЊсЂесЂФ	870	151	17	-11.3792
сЃЕсЃ│сѓисЃДсѓд	УЌЇТЎХ	1285		501	-18.6282
сЃЕсЃісЃ│сѓГсЃЦсЃЕсѓ╣		1288		501	-14.0638
сЃЕсЃЃсѓисЃЦсѓИ	сЃЕсЃЃсѓисЃЦТЎѓ	1288		109	-10.9600
сЃЕсЃ│сѓФсѓ╣сѓ┐сЃ╝сЃЂсЃДсѓд	сЃЕсЃ│сѓФсѓ╣сѓ┐сЃ╝ТюЮ	1288		492	-14.7332
сЃЕсѓцсЃєсЃ│	ТЮЦт║Ќ	1283		442	-10.9760
сЃЕсѓ»сЃЕсѓ»	сѓЅсЂЈсѓЅсЂЈ	1281		40	-12.4407
сЃЕсѓИсѓфсЃЇсЃЃсЃѕсЃ»сЃ╝сѓ»		1288		27	-14.7332
сЃЕсЃ│сѓ▓сѓГ	С╣▒ТњЃ	1285		501	-18.6282
сЃЕсЃ│	Т┐Ф	1288		501	
сЃЕсѓцсѓ»	like	1285		121	-17.8906
сЃЕсЃЅ		1300		41	-16.2782
сЃЕсЃЕсЃЮсЃ╝сЃѕ	сѓЅсѓЅсЂйсЃ╝сЂе	1292		2	-12.2494
сЃЕсЃЂсѓИсѓ▒сЃ│	ТІЅУЄ┤С║ІС╗Х	1288		216	-13.9862
сЃЕсѓц	У│џ	1288		501	
сЃЕсѓф		1285		149	-14.6376
сЃЕсЃЊсЃфсЃ│сѓ╣		1285		212	-14.4530
сЃЕсЃЃсѓисЃГ	сѓЅсЂБсЂЌсѓЇ	588		501	-16.8875
сЃЕсЃ│сЃѕсѓд	уђЙТ┐ц	1291		501	-18.1724
сЃЕсѓИсѓфсЃѕсѓдсѓГсЃДсѓд	сЃЕсѓИсѓфТЮ▒С║г	1288		305	-13.2991
сЃЕсѓцсЃ│сЃІсЃЦсЃ╝сѓ╣	LINE NEWS	1288		302	-14.1651
сЃЕсѓдсЃФсЃ╗сѓ┤сЃ│сѓхсЃгсѓ╣		1289		62	-13.7164
сЃЕсЃ│	УЌЇ	1285		4	-16.3041
сЃЕсЃЋ		1288		64	-17.8300
сЃЕсѓц	уіЂ	1288		501	
сЃЕсЃ│		1285		149	-10.7292
сЃЕсЃЃсѓ│	сѓЅсЂБсЂЊ	1289		22	-13.4959
сЃЕсЃ│сѓ╣сѓц	УЌЇТ░┤	1291		501	-18.1724
сЃЕсѓ╣		1285		149	-11.8819
сЃЕсЃќсѓ│сЃ╝сЃФ		1285		451	-14.3420
сЃЕсЃ│сѓЙсѓд	С╣▒жђа	1283		375	-15.2665
сЃЕсЃё	Т║ѓ	1288		501	
сЃЕсѓ┤сѓ╣		1293		272	-14.7564
сЃЕсЃЃсѓФсЃ│	УљйТгЙ	1285		312	-14.7536
сЃЕсЃ│сЃЄсѓБсЃ│сѓ░		1289		64	-12.2596
сЃЕсѓисѓцсѓи	сѓЅсЂЌсЂёсЂЌ	383	304	17	-11.3312
сЃЕсЃЊсЃЃсЃё		1288		203	-14.2083
сЃЕсѓцсѓ┐сѓ»	ТЮЦт«Ё	1283		501	-15.7854
сЃЕсѓцсЃЏсѓд	ТЮЦта▒	1283		501	-16.6640
сЃЕсЃќсЃГсЃъсЃ│сѓ╣		1285		51	-14.4581
сЃЕсЃ│сЃЄсЃ│	тхљжЏ╗	1288		162	-14.5194
сЃЕсЃ╝сЃ│	learn	1285		461	-17.9351
сЃЕсѓцсѓИсЃДсѓд	ТЮЦта┤	1283		224	-11.6050
сЃЕсЃЄсѓБсѓФсЃФ		1287		66	-12.8738
сЃЕсЃ│сѓгсЃЃ	УўГтГд	1285		251	-15.9253
сЃЕсЃЃсЃЉ	С╣▒уа┤	1285		501	-18.6282
сЃЕсѓцсѓисЃБ	ТЮЦУђЁ	1285		501	-17.0865
сЃЕсѓИсѓфсѓисЃ│сЃцсЃЊсЃ│	сЃЕсѓИсѓфТи▒тцюСЙ┐	1289		476	-12.7916
сЃЕсѓцсЃ│сЃЇсЃЃсЃѕ		1288		305	-14.9396
сЃЕсЃ│сЃї		1285		308	-15.2755
сЃЕсѓцсЃЏсѓдсѓисЃБ	ТЮЦУефУђЁ	1283	1298	17	-12.6984
сЃЕсѓ»сѓ╣сѓц	Уљйжїў	1285		501	-18.6282
сЃЕсЃќсЃЕсЃЅсЃ╝сЃФсЃ╗сЃгсЃѕсЃфсЃ╝сЃљсЃ╝		1288		499	-13.9229
сЃЕсЃ│сЃісЃ╝		1285		198	-11.4603
сЃЕсЃ┤сЃЋсѓЕсЃ╝	RAV4	1288		105	-14.4752
сЃЕсѓ░сѓГ	сЃЕсѓ░сЂЇ	21		501	-12.1244
сЃЕсЃ│сЃъсЃ│	уѕЏТ╝Ф	1285		113	-14.4109
сЃЕсѓ»сѓисЃЦсѓд	Т┤Џтиъ	1293		58	-17.7008
сЃЕсѓцсЃЅсѓд	жЏижіЁ	1285		501	-18.6282
сЃЕсѓ»сЃісѓц	Т┤ЏтєЁ	1285		501	-18.6282
сЃЕсѓцсЃќ	LIVE	1288		172	-9.9754
сЃЕсѓ»сЃесѓдсѓИсЃЦ	­Ъї│	5		501	-21.7002
сЃЕсЃІ		1288		101	-14.9292
сЃЕсѓдсЃ│сЃЅ		1300		283	-10.2126
сЃЕсЃ│сѓФсѓ╣сѓ┐сЃ╝сѓ│сѓд	сЃЕсЃ│сѓФсѓ╣сѓ┐сЃ╝тЁг	1288		273	-14.3414
сЃЕсЃ│сѓИсЃБ	УўГтЦб	1291		501	-15.5191
сЃЕсѓИсЃЕсЃ╝	сѓЅсЂўсѓЅсЃ╝	1288		501	-14.0959
сЃЕ	Уъ║	1285		333	-15.9285
сЃЕсЃ│сѓ▒сЃ│	УўГУ╗њ	1291		501	-16.2265
сЃЕсѓ»		1287		391	-17.1314
сЃЕсѓцсѓХсЃ╝		1285		90	-15.8399
сЃЕсѓц	жЏи	1285		320	-18.9467
сЃЕсѓ»сѓ╗сѓц	ТЦйућЪ	1285		392	-18.6282
сЃЕсЃЃсѓФсѓи	УљйСИІТГ╗	1283	1297	17	-13.5469
сЃЕсѓцсЃі	сѓЅсЂёсЂф	1289		501	-13.5912
сЃЕсѓцсѓ│сѓд	жЏитЁг	1285		104	-15.7707
сЃЕсѓгсѓц	уЙЁУЊІ	1285		501	-18.6282
сЃЕсѓИсѓф	radio	1289		40	-12.5618
сЃЕсЃ│сѓФсѓцсЃЏсѓд	ТгёУДБТћЙ	1285	1283	17	-13.4736
сЃЕсЃё	тЪњ	1288		501	
сЃЕсѓ»сѓ╗сЃ│	Т┤Џт▒▒	1288		501	-18.5231
сЃЕсѓИсѓфсЃЈсѓцсѓисЃ│	сЃЕсѓИсѓфжЁЇС┐А	1285	1283	17	-12.6659
сЃЕсЃЕ		1289		51	-11.5124
сЃЕсЃ│сЃљсѓц	С╣▒тБ▓	1283		501	-17.4154
сЃЕсЃ│сѓ╗сѓц	тЇхућЪ	1285		116	-13.0665
сЃЕсѓцсЃќсѓ╣сЃЂсЃ╝сЃа		1288		319	-14.9692
сЃЕсѓХ		1289		501	-16.7429
сЃЕсѓцсѓФсѓц	уБітАі	1285		501	-18.6282
сЃЕсЃЌсѓхсЃъ	сЃЕсЃЌТДў	1285	1302	17	-13.2463
сЃЕсЃ│сѓ╝сЃ│	уѕЏуёХ	1285		501	-18.8289
сЃЕсЃўсЃ│	сЃЕтцЅ	1285		501	-18.0304
сЃЕсЃ│сЃєсѓц	УўГС║Г	1289		501	-17.9060
сЃЕсѓИсѓбсЃ│сЃъсѓцсЃЊсЃДсѓд	rad\u002fs	1300		501	-16.5146
сЃЕсѓцсЃЕсѓ»	сѓЅсЂёУљй	1287		501	-18.0477
сЃЕсЃГсЃЃсѓФ		1289		488	-15.7404
сЃЕсѓ»сЃњсЃ│	жД▒У│Њ	1289		501	-17.9060
сЃЕсЃ╝сЃъсЃГсѓ»сѓ╗сѓц	сЃЕсЃ╝сЃъ6СИќ	1288		34	-14.4288
сЃЕсЃЪсѓфсѓ╣	ramios	1285		501	-17.9351
сЃЕсѓ╣сЃѕсѓисЃ╝сЃ│		1285		322	-12.4923
сЃЕсѓцсѓцсЃ│	жЏижЪ│	1285		392	-18.6282
сЃЕсѓцсѓ│сѓд	ТЮЦТаА	1283		364	-14.2334
сЃЕсЃ│сѓФ	тЇхСЙА	1285		501	-18.6282
сЃЕсЃ│сЃЪсЃБсѓ»	С╣▒Уёѕ	1287		422	-15.2856
сЃЕсЃ╝сЃ│сѓгсЃ»	сЃЕсЃ╝сЃ│тиЮ	1288		501	-14.2999
сЃЕсѓфсѓ┤	сЃЕсѓфУфъ	1288		501	-14.8602
сЃЕсѓд		1293		149	-16.6022
сЃЕсѓцсѓФ		1292		168	-10.9250
сЃЕсѓцсѓ»		1289		66	-12.6517
сЃЕсЃћсЃЦсѓ┐		1289		429	-12.3501
сЃЕсЃгсЃісѓФсЃЃ	сѓЅсѓїсЂфсЂІсЂБ	873	480	17	-9.7267
сЃЕсЃ│сЃЎсѓ╣		1293		463	-15.3029
сЃЕсѓ░сѓФсЃг	сЃЕсѓ░сЂІсѓї	29		501	-12.1242
сЃЕсѓ╗сЃ│	Уъ║ТЌІ	1285		304	-12.1087
сЃЕсѓцсЃќсѓФсЃёсЃЅсѓд	сЃЕсѓцсЃќТ┤╗тІЋ	1288		478	-12.1424
сЃЕсЃ╝сЃЋсЃЕ	уЙЁуЮ║уЙЁ	1289		392	-17.9060
сЃЕсѓцсѓд	жЏижЏе	1285		112	-13.1439
сЃЕсѓцсЃќсЃЅсѓб	LD	1288		24	-11.7657
сЃЕсЃ│сѓ╗сЃё	УўГжЏф	1291		501	-18.1724
сЃЕсЃгсЃєсѓцсЃє	сѓЅсѓїсЂдсЂёсЂд	876	307	17	-11.3929
сЃЕсѓцсЃќсѓхсЃ│сѓ╗сЃ│	сЃЕсѓцсЃќтЈѓТѕд	1285	1283	17	-12.6744
сЃЕсѓцсЃќ	сѓЅсЂёсЂХ	1285		80	-14.2769
сЃЕсѓцсЃєсЃ│сѓфсЃъсЃЂ	ТЮЦт║ЌсЂітЙЁсЂА	1283		17	-12.4299
сЃЕсѓцсѓХсЃ│	ТЮЦт▒▒	1291		358	-14.4158
сЃЕсѓ╗сЃ│	сѓЅсЂЏсѓЊ	1285		304	-12.8226
сЃЕсѓ»сЃєсЃ│сѓ╣сЃ╝сЃЉсЃ╝	ТЦйтцЕсѓ╣сЃ╝сЃЉсЃ╝	1285		17	-13.1472
сЃЕсѓцсЃІсЃ│	ТЮЦС╗╗	1283		501	-16.8731
сЃЕсЃЋсѓА		1289		166	-14.0748
сЃЕсЃгсЃєсЃісѓц	сѓЅсѓїсЂдсЂфсЂё	876	473	17	-11.1783
сЃЕсѓцсЃЋсѓИсЃБсѓ▒сЃЃсЃѕ		1288		289	-14.8763
сЃЕсЃ│сѓИсЃ│	С╣▒тѕЃ	1285		501	-18.6282
сЃЕсЃ│сЃњсЃДсѓд	тЇхУАе	1285		501	-18.6282
сЃЕсЃ│сЃЅсѓ╗сЃФ	­Ъјњ	1285		501	-25.2216
сЃЕсѓ»сЃЈсѓ»	УљйтЅЮ	1283		501	-18.0694
сЃЕсѓ»сѓ╗сѓц	УљйТѕљ	1283		494	-11.2026
сЃЕсѓИ	УБИУђ│	1285		501	-18.6282
сЃЕсЃФсЃ╝сѓ╣		1288		421	-14.1606
сЃЕсѓдсЃ│сЃЅсѓбсЃЃсЃЌ		1288		257	-13.7232
сЃЕсѓ»сЃІ	ТЦйсЂФ	1281		501	-12.4090
сЃЕсѓдсЃЅсЃЇсѓ╣	LOUDNESS	1289		67	-12.7218
сЃЕсЃЃсѓисЃБсЃФ	сѓЅсЂБсЂЌсѓЃсѓІ	1218		54	-6.6258
сЃЕсѓцсЃ│	line	1285		5	-17.8906
сЃЕсѓц	УЌю	1288		501	
сЃЕсѓцсЃЋсЃЈ	сЃЕсѓцсЃЋсЂ»	1285	261	17	-11.2647
сЃЕсѓ»сЃъ		1288		501	-13.0896
сЃЕсЃЃсЃћсЃ│сѓ░		1288		426	-11.5823
сЃЕсѓ»сЃ╝сЃ│сѓисЃєсѓБ		1288		459	-14.9299
сЃЕсЃ│сѓФсЃ╝		1288		250	-12.8992
сЃЕсѓцсЃђсЃ╝		1285		334	-11.1474
сЃЕсЃќсЃф		1289		122	-15.6710
сЃЕсЃЃсѓ▒сѓц	УљйТЁХ	1285		238	-14.3284
сЃЕсѓ»сЃђсЃе	ТЦйсЂасѓѕ	1287	288	17	-11.4225
сЃЕсЃ│сЃѕсѓд	тЇхТіЋ	1285		501	-18.6282
сЃЕсѓцсЃ┤сѓбсЃФсЃљсЃа		1288		478	-14.9829
сЃЕсѓ░сЃЊсЃ╝		1285		362	-11.0477
сЃЕсѓцсЃђсЃ╝сѓ«сЃ╝сЃё		1285		501	-15.1467
сЃЕсѓгсЃ╝		1288		391	-13.0269
сЃЕсѓ»сѓисЃЦсѓд	Т┤ЏуДђ	1288		501	-18.5231
сЃЕсѓ»сЃєсЃ│сѓ╣сЃ╝сЃЉсЃ╝сѓ╗сЃ╝сЃФ	ТЦйтцЕсѓ╣сЃ╝сЃЉсЃ╝сѓ╗сЃ╝сЃФ	1288		501	-14.6046
сЃЕсЃ│сЃћ	С╣▒У▓╗	1283		501	-16.3716
сЃЕсѓцсѓ│сѓд	ТЮЦУѕф	1283		271	-12.0859
сЃЕсЃЕ	сѓЅсѓЅ	1291		80	-10.9869
сЃЕсЃ│сѓйсѓд	тЇхтиБ	1285		355	-12.9809
сЃЕсЃ╝сѓИсЃБ		1288		359	-14.3293
сЃЕсѓцсЃд	ТЮЦућ▒	1285		28	-16.7140
сЃЕсЃ│сЃЂсЃДсЃ│		1285		501	-15.1035
сЃЕсѓцсѓбсЃ│		1290		255	-10.9793
сЃЕсѓ»сЃесѓд	УљйУЉЅ	1283		116	-12.3399
сЃЕсѓцсЃќсѓФсѓцсѓИсЃДсѓд	сЃЕсѓцсЃќС╝џта┤	1288		24	-12.8319
сЃЕсЃЊсѓесЃїсѓ╣		1285		308	-15.2090
сЃЕсЃ│сѓФсЃё	тЇхтЅ▓	1285		355	-18.6282
сЃЕсЃЅсЃ│	сѓЅсЂЕсѓЊ	1285		501	-14.9371
сЃЕсѓцсѓ│	ТЮЦТ╗г	1283		501	-18.0694
сЃЕсѓ»сЃдсѓд	ТЦйтЈІ	1285		501	-18.6282
сЃЕсѓцсЃЂ	сѓЅсЂёсЂА	1285		99	-14.6039
сЃЕсѓцсѓхсЃ│	сѓЅсЂёсЂЋсѓЊ	1283		150	-14.2391
сЃЕсЃ│сѓФсЃ│	сѓЅсѓЊсЂІсѓЊ	1285		501	-18.9467
сЃЕсЃ│сѓИсЃЦ		1285		501	-15.5942
сЃЕсЃЃсѓФсЃ│	ТеѓУДђ	1283		501	-17.9953
сЃЕсЃ│	УўГ	1285		128	-11.3498
сЃЕсЃгсЃФсЃѕ	сѓЅсѓїсѓІсЂе	870	164	17	-10.4441
сЃЕсЃ│сѓг		1289		501	-13.8857
сЃЕсЃЂ	у│▓	1288		501	
сЃЕсЃ│сЃЅсѓ▒сЃ│сѓГсЃЦсѓдсѓИсЃД	сЃЕсЃ│сЃЅуаћуЕХТЅђ	1292		239	-13.0099
сЃЕсЃЂсѓгсѓбсѓФсЃісѓц	тЪњсЂїТўјсЂІсЂфсЂё	1288		501	-14.7048
сЃЕсѓцсЃЂсЃДсѓд		1285		116	-14.1484
сЃЕсЃ│сЃђсЃасЃќсЃГсЃъсѓцсЃЅ		1285		17	-13.2777
сЃЕсЃЎсЃФ		1290		445	-11.2501
сЃЕсѓ»сѓгсѓГ	ТЦйТЏИ	1283		501	-18.0694
сЃЕсЃёсѓБсѓфсѓисЃЦсѓд	сЃЕсЃёсѓБсѓфтиъ	1288		400	-13.2477
сЃЕсЃ│сЃђсЃё	уѕЏУё▒	1283		501	-18.0694
сЃЕсѓ»сѓцсЃ│	уЃЎтЇ░	1285		252	-13.0872
сЃЕсѓцсЃІсЃ│сѓ░		1285		95	-15.1317
сЃЕсѓцсЃЈсѓ»	ТЮЦТ│і	1285		501	-18.6282
сЃЕсЃЃсѓисЃБсѓц	сѓЅсЂБсЂЌсѓЃсЂё	1238		420	-6.7620
сЃЕсѓцсЃќсѓФсЃ│	сЃЕсѓцсЃќТёЪ	1285	1298	17	-12.8359
сЃЕсѓ»сѓгсѓф	УљйжАћ	1285		501	-18.6282
сЃЕсѓцсЃќ	live	1288		367	-12.3407
сЃЕсѓ╗сЃё	уЙЁтѕ╣	1285		212	-13.8941
сЃЕсѓц	УЋЙ	1288		501	
сЃЕсѓцсЃќсЃЈ	сЃЕсѓцсЃќсЂ»	1285	261	17	-10.8390
сЃЕсѓ╣	RAS	1288		83	-13.6079
сЃЕсЃ╝сѓфсѓ┤	сЃЕсЃ╝сѓфУфъ	1288		340	-14.4801
сЃЕсЃѕ		1289		501	-16.7429
сЃЕсѓфсѓд	Уъ║ујІ	1291		501	-18.1724
сЃЕсЃфсЃГ	сЃЕсЃфсѓЇ	778		501	-14.2691
сЃЕсЃасЃЇ		1285		75	-12.6548
сЃЕсѓ»		1288		391	-11.5334
сЃЕсЃ│сЃєсѓц	УўГС║Г	1288		501	-16.1139
сЃЕсЃєсЃЕсЃ│		1285		199	-15.0755
сЃЕсѓ»сЃгсѓ╣		1285		501	-14.4696
сЃЕсѓИсѓф	­ЪЊ╗	5		501	-22.1225
сЃЕсѓцсѓи	сѓЅсЂёсЂЌ	1285		36	-14.1553
сЃЕсЃЋсѓбсЃ│сЃЅсЃгсЃЄсѓБ		1288		501	-14.5158
сЃЕсЃ│сЃЉсЃё	уѕЏуЎ║	1283		501	-18.0694
сЃЕсЃЃсѓФ	УљйСИІ	1283		320	-10.5665
сЃЕсѓ»сѓх	Уљйти«	1285		235	-12.4959
сЃЕсЃЪсЃЇсЃ╝сЃѕ		1288		270	-14.0021
сЃЕсѓцсѓФсѓц	ТЮЦС╝џ	1283		501	-16.2423
сЃЕсЃА		1285		242	-12.9403
сЃЕсѓцсѓ│сѓд	ТЮЦУ▓б	1283		501	-16.0596
сЃЕсЃ┤	LOVE	1291		122	-21.7100
сЃЕсѓ»сѓИсЃЦ	сѓЅсЂЈсЂўсѓЁ	1288		501	-18.5231
сЃЕсЃ┤сѓДсЃФ		1290		416	-10.9518
сЃЕсѓцсѓ▓сЃё	ТЮЦТюѕ	1314		193	-9.8354
сЃЕсѓ╣сЃѕсЃ»сЃ│сЃъсѓцсЃФ		1288		206	-14.4443
сЃЕсЃ│сѓхсЃ╝сѓесЃюсЃфсЃЦсЃ╝сѓисЃДсЃ│		1288		168	-13.9115
сЃЕсЃ│сЃісѓц	сѓЅсѓЊсЂфсЂё	1285	20	17	-11.1937
сЃЕсЃ╝сЃАсЃ│		1285		442	-9.9708
сЃЕсЃЊсЃЃсЃѕ	Rabbit	1289		367	-13.7478
сЃЕсѓцсЃЇсЃ│сЃЈ	ТЮЦт╣┤сЂ»	1314	261	17	-10.7447
сЃЕсЃасѓ╗сѓ╣		1289		273	-12.8572
сЃЕсѓцсѓИсЃ│сѓ░		1292		203	-12.2846
сЃЕсѓ»сѓ╗сЃ│сѓи	УљйжЂИсЂЌ	1283	610	17	-11.3067
сЃЕсѓцсЃЂсЃДсѓд	жЏиж│Ц	1291		202	-18.5778
сЃЕсЃі		1289		25	-12.6487
сЃЕсЃћсѓ┐		1292		160	-13.0572
сЃЕсѓИсѓфсѓисЃБсЃЃсѓ»		1292		181	-13.0361
сЃЕсѓцсЃђсѓц	жЏитЈ░	1293		501	-17.7008
сЃЕсЃ│сѓ»сЃё	Т┐ФТјў	1283		501	-18.0694
сЃЕсЃЕсЃЄсЃЕсЃЃсѓ»сѓ╣	LaLa DX	1288		396	-14.9606
сЃЕсѓ»сЃЄсѓ╣	ТЦйсЂДсЂЎ	1287	460	17	-11.1276
сЃЕсѓ»сЃєсЃ│сѓФсЃ╝сЃЅ	ТЦйтцЕсѓФсЃ╝сЃЅ	1288		206	-13.8770
сЃЕсѓ┤сѓ╣		1285		272	-14.2882
сЃЕсЃ╝сЃАсѓ┐сЃФ		1288		212	-14.8035
сЃЕсЃ│сѓ░сЃЅсЃЃсѓ»		1293		34	-15.2159
сЃЕсѓ╣сЃѕсЃЕсѓцсЃќ		1285		17	-12.8075
сЃЕсЃЄсЃ│	Уъ║жѕ┐	1285		4	-14.4634
сЃЕсЃгсѓ┐сѓг	сѓЅсѓїсЂЪсЂї	876	299	17	-10.8158
сЃЕсѓцсѓФсЃ╝		1288		459	-14.5027
сЃЕсЃЃсѓ│	сѓЅсЂБсЂЊ	1285		22	-18.5412
сЃЕсѓцсѓисЃ│	жа╝С┐А	1291		148	-15.4669
сЃЕсѓ»сѓИсЃЦ	ТЦйтЈЌ	1285		501	-18.6282
сЃЕсѓ╣	уЙЁжаѕ	1288		501	-18.5231
сЃЕсѓцсѓи	ТФЉтГљ	1285		501	-18.6282
сЃЕсЃ│сЃЅсЃЋсѓ╣сѓФ		1289		501	-14.9722
сЃЕсЃ│	lan	1285		121	-17.8481
сЃЕсЃ│сЃЉсѓ»	тЇхуЎй	1285		487	-12.9585
сЃЕсЃа	УБИтцб	1289		501	-17.9060
сЃЕсѓцсЃЅсѓд	уц╝таѓ	1285		435	-18.6282
сЃЕсЃЎсЃ│сЃђсЃ╝	сѓЅсЂ╣сѓЊсЂасЃ╝	1285		501	-18.5412
сЃЕсЃ│сЃЄсѓБсЃГсЃ╝сѓ║	Randy Rhoads	1288		501	-14.9122
сЃЕсѓбсѓ┐сЃф	сѓЅУЙ║	1298	1305	17	-12.1307
сЃЕсЃ│сѓ▓сЃё	УўГТюѕ	1291		501	-18.1724
сЃЕсѓ»сѓисЃДсѓд	ТЦйТГБ	1291		501	-18.1724
сЃЕсѓцсѓисЃ│	ТЮЦУе║	1283		501	-17.0288
сЃЕсЃІсЃ╝сЃјсЃ╝сѓ║		1289		122	-21.5510
сЃЕсѓ»сЃєсЃё	уЃЎжЅё	1285		501	-18.6282
сЃЕсѓцсЃќсѓбсЃФсЃљсЃа		1288		478	-13.3275
сЃЕсЃ│сѓИсЃЦ	УўГт»┐	1290		122	-20.6640
сЃЕсЃ│	жЌї	1288		501	
сЃЕсѓцсѓФ	жЏиуЂФ	1285		233	-16.0888
сЃЕсЃЎсѓ╣сѓ┐		1285		501	-14.1184
сЃЕсѓцсѓисЃБ	ТЮЦуцЙ	1283		501	-14.4576
сЃЕсѓцсЃЏсѓд	жЏит│░	1285		501	-18.6282
сЃЕсѓ»сЃюсѓ»	УљйТюе	1285		501	-18.6282
сЃЕсѓ»сЃєсЃ│сЃцсѓГсЃЦсѓдсЃђсЃ│	ТЦйтцЕжЄјуљЃтЏБ	1288		419	-14.9487
сЃЕсЃгсЃєсѓц	сѓЅсѓїсЂдсЂё	876	930	17	-9.3207
сЃЕсѓцсЃЋсѓ╗сЃ╝сЃљсЃ╝		1288		362	-14.2937
сЃЕсЃ│сѓ│сѓи	УўГУХі	1293		145	-16.3145
сЃЕсЃ│сѓ┐сѓцсѓ╗сѓц	тЇхУЃјућЪ	1288		218	-13.9588
сЃЕсѓцсЃєсѓц	жа╝т║Ћ	1291		501	-18.1724
сЃЕсЃ│сЃюсЃФсѓ«сЃ╝сЃІ		1288		168	-12.7261
сЃЕсѓцсЃЊсЃЦ		1285		501	-13.2331
сЃЕсЃќ	Love	1289		367	-10.1392
сЃЕсЃЃсѓГсЃ╝		1287		51	-9.9222
сЃЕсѓ»сЃєсЃ│сѓ«сЃ│сѓ│сѓд	ТЦйтцЕжіђУАї	1288		118	-14.3709
сЃЕсѓ╣сЃюсѓ╣		1289		26	-10.7668
сЃЕсѓцсЃќсЃЕсЃфсѓбсЃ│		1285		190	-15.3111
сЃЕсЃЃсѓ╣сЃФ	сѓЅсЂБсЂЎсѓІ	583		501	-16.8901
сЃЕсѓ»сЃі		1285		501	-15.2479
сЃЕсЃ│	УЌЇ	1290		4	-16.3041
сЃЕсѓцсЃѕ	LITE	1289		288	-13.7292
сЃЕсѓ╣сЃЎсѓгсѓ╣		1293		347	-10.8813
сЃЕсѓдсЃ»сЃ│		1285		17	-13.0085
сЃЕсЃ╝сѓ╣		1289		429	-14.3622
сЃЕсЃ│сѓ╣сѓ┐сЃЃсЃЅ		1292		92	-13.0733
сЃЕсѓ»сѓ╗сѓГ	Уљйу▒Ї	1283		501	-18.0694
сЃЕсЃ│сЃЄсѓБсЃ╗сѓИсЃДсЃ│сѓйсЃ│		1289		310	-13.6411
сЃЕсЃфсЃ╝сЃ╗сЃбсЃ│сЃєсѓФсЃФсЃГ		1288		421	-14.8405
сЃЕсѓцсЃфсЃЦсѓд	жа╝жЙЇ	1291		501	-18.1724
сЃЕсѓ╣сЃѕсЃЕсЃ│		1288		245	-13.5939
сЃЕ	УќЄ	1288		501	
сЃЕсЃЃсЃЌсЃЕсЃ│сЃЅ		1293		373	-13.1203
сЃЕсѓ»сЃђ	жД▒жДЮ	1285		499	-15.1456
сЃЕсЃЃсЃѕ		1285		355	-12.5251
сЃЕсѓцсѓйсЃ│	ТЮЦТЮЉ	1283		156	-18.0694
сЃЕсЃ│сѓ╣сЃ╗сѓбсЃ╝сЃасѓ╣сЃѕсЃГсЃ│сѓ░		1289		62	-13.8951
сЃЕсѓцсѓисЃЦсѓдсѓ┐сЃјсѓисЃЪ	ТЮЦжђ▒ТЦйсЂЌсЂ┐	1314	1285	17	-13.2119
сЃЕсЃ╝сЃАсЃ│	­ЪЇю	5		501	-20.7076
сЃЕсѓцсѓФсЃ╝сЃФсЃѕ		1288		261	-14.3764
сЃЕсЃФсѓ»	L'Arc	1288		67	-12.5491
сЃЕсѓцсЃѕсѓйсѓд	сЃЕсѓцсЃѕт▒ц	1285	1298	17	-12.9765
сЃЕсЃ│сЃђсЃа	random	1287		5	-16.7949
сЃЕсЃљсѓдсЃФсѓ»сѓдсѓисЃЦсѓд	сЃЕсЃљсѓдсЃФуЕ║УЦ▓	1288		37	-14.6364
сЃЕсѓ»сѓ╣сЃФ		1288		501	-14.8237
сЃЕсѓцсЃ│сЃЄсЃ│сЃ»	LINEжЏ╗УЕ▒	1288		501	-14.0095
сЃЕсѓ»сЃцсѓГ	ТЦйуё╝	1285		312	-15.3439
сЃЕсЃ│сѓХсЃ│	С╣▒т▒▒	1285		501	-18.6282
сЃЕсѓцсѓ╣сЃюсѓдсЃФ		1288		491	-13.9835
сЃЕсЃЃсѓГсЃЦсѓд	УљйуљЃ	1283		211	-14.3569
сЃЕсЃ│сЃюсѓд	С╣▒Тџ┤	1283		66	-12.8126
сЃЕсЃ│сѓГсЃ│		1285		140	-15.3864
сЃЕсЃё	тЪЊ	1288		501	
сЃЕсЃЃсѓхсЃ╝сЃФ		1285		133	-13.2231
сЃЕсЃ│сѓ▓сЃ╝сѓИ	Language	1289		453	-12.0636
сЃЕсЃ│	УЦ┤	1288		501	
сЃЕсѓцсЃЋсЃФсѓИсЃЦсѓд	сЃЕсѓцсЃЋсЃФжіЃ	1288		501	-13.5208
сЃЕсЃ│сЃісѓц	тЇхтєЁ	1285		501	-18.6282
сЃЕсЃ│сЃЉсЃё	С╣▒жФф	1285		501	-17.8906
сЃЕсѓц	жЕф	1288		501	
сЃЕсѓ»сѓесѓГ	ухАу╣╣	1283		501	-17.9953
сЃЕсЃ│сЃЋсѓЕсЃфсЃ│сѓ»сѓ╣		1288		382	-14.8538
сЃЕсЃЪсѓ┐сѓц	сѓЅсЂ┐сЂЪсЂё	1298	1311	17	-12.4755
сЃЕсЃ╝сЃд	УЙБТ▓╣	1288		501	-14.9792
сЃЕсѓц	жа╝	1290		148	-18.2463
сЃЕсѓ»сѓ╗сЃё	УљйжЏф	1283		501	-18.0694
сЃЕсѓ░сѓИсЃЦсѓбсЃфсЃ╝		1288		168	-12.8327
сЃЕсЃ│сѓФ	уѕЏТЪ»	1285		392	-18.6282
сЃЕсѓцсЃЋсЃфсЃ│сѓ░		1288		264	-13.7678
сЃЕсѓцсЃЌсЃёсѓБсЃњсЃђсѓцсѓгсѓ»	сЃЕсѓцсЃЌсЃёсѓБсЃњтцДтГд	1288		314	-13.6536
сЃЕсѓИсѓфсѓФсЃ│сЃѕсѓд	сЃЕсѓИсѓфжќбТЮ▒	1288		305	-13.8557
сЃЕсЃбсѓ╣		1290		62	-12.2877
сЃЕсЃгсЃє	сѓЅсѓїсЂд	876	307	17	-7.8681
сЃЕсЃ│сѓЙсѓд	Т┐Фжђа	1283		350	-18.0694
сЃЕсѓ╣сѓФсЃФ		1289		51	-12.9064
сЃЕсѓцсЃ│сЃЈсЃФсЃѕсЃ╗сЃЈсѓцсЃЅсЃфсЃњ		1289		188	-13.6638
сЃЕсЃ│	Тћг	1288		501	
сЃЕсЃЃсѓФ	сѓЅсЂБсЂІ	1283		293	-18.8426
сЃЕсЃЃсѓГсЃДсѓд	УЙБжЪ«	1285		501	-17.6588
сЃЕсЃ│сѓйсѓд	УЌЇУЇЅ	1285		501	-18.6282
сЃЕсЃгсЃФсѓ│сЃѕсЃб	сѓЅсѓїсѓІсЂЊсЂесѓѓ	870	262	17	-11.1661
сЃЕсѓцсѓ╣сѓФсЃгсЃ╝		1285		93	-15.3264
сЃЕсЃ┤сѓ»сЃЕсЃЋсЃѕ		1289		393	-12.0799
сЃЕсѓ»сѓхсЃё	УљйТюГ	1283		474	-11.6950
сЃЕсѓцсЃђсЃ╝сѓГсЃЃсѓ»		1288		26	-14.3839
сЃЕсЃѕ		1288		501	-14.9417
сЃЕсѓИсѓфсЃј	сЃЕсѓИсѓфсЂ«	1285	368	17	-11.1820
сЃЕсѓцсЃЇсЃ│сЃј	ТЮЦт╣┤сЂ«	1314	368	17	-10.7232
сЃЕсЃ│	тињ	1288		501	
сЃЕсѓИсѓфсЃЇсЃ╝сЃа		1288		113	-13.4794
сЃЕсѓ»сЃЪсЃБсѓ»	ухАУёѕ	1285		501	-18.6282
сЃЕсѓцсЃѕ	light	1289		121	-11.6519
сЃЕсЃЂсѓбсѓ▒	тЪњТўјсЂЉ	1285		501	-18.6282
сЃЕсЃ│сЃЅсЃЇсЃЃсЃѕ		1288		115	-14.7677
сЃЕсѓцсѓГсЃЦсѓд	жа╝С╣Ё	1288		148	-18.5231
сЃЕсѓ»сЃесѓд	УљйУЉЅ	1291		116	-15.1121
сЃЕсЃЂсЃБ		1289		501	-15.6611
сЃЕсЃ│сѓ»сѓИсЃДсѓд	сЃЕсЃ│сѓ»СИі	1285	1305	17	-12.6787
сЃЕсЃ│сЃЕсЃ│	уѕЏсђЁ	1285		501	-15.4189
сЃЕсѓцсѓГ	ТЮЦТюЪ	1285		306	-13.7672
сЃЕсЃгсЃ│	сѓЅсѓїсѓЊ	873	515	17	-11.0817
сЃЕсЃЌсѓ┐сЃ╝сѓ║		1288		62	-14.5898
сЃЕсѓцсѓГсЃДсѓ»	ТЮЦт▒ђ	1283		501	-18.0694
сЃЕсѓцсѓЙсѓд	жа╝жђа	1291		501	-17.0738
сЃЕсѓцсѓисЃ╝сѓ║сЃ│	ТЮЦсѓисЃ╝сѓ║сЃ│	1288		306	-12.7075
сЃЕсЃ│сѓ░сЃ│	С╣▒У╗Ї	1285		501	-17.6588
сЃЕсѓ░сѓ│сѓ╣		1285		501	-15.1153
сЃЕсѓ»сѓгсЃЪ	ТЦйжФф	1285		501	-18.6282
сЃЕсѓ╣сЃѕсѓфсЃ╝сЃђсЃ╝		1288		206	-13.6371
сЃЕсѓ╣сЃюсѓ╣		1285		17	-12.7849
сЃЕсЃљсЃ╝		1285		64	-12.7405
сЃЕсѓ»сЃЈсѓ»	УљйжГё	1283		208	-15.7901
сЃЕсѓХсЃФ		1285		338	-13.9701
сЃЕсѓцсЃЄсЃ│сЃђсѓцсѓгсѓ»	сЃЕсѓцсЃЄсЃ│тцДтГд	1288		314	-14.1256
сЃЕсѓ»сѓисЃДсѓ»	УљйжБЙ	1283		369	-14.2033
сЃЕсЃ│сЃђсЃа		1287		283	-11.4415
сЃЕсѓцсЃєсѓд	сѓЅсЂёсЂдсЂє	1291		279	-13.7180
сЃЕсЃЋсѓАсѓесЃФсЃ╗сЃЎсЃІсЃєсѓ╣		1289		261	-13.8951
сЃЕсЃ│	Тгќ	1288		501	
сЃЕсЃЊсЃфсЃ│сЃЂсЃЦсЃЕ		1288		382	-14.3221
сЃЕсЃЎсѓц	сЃЕу▒│	1285		501	-18.0304
сЃЕсЃ│сѓИсЃ│	С╣▒С║║	1285		501	-18.6282
сЃЕсѓф		1288		149	-17.6581
сЃЕсѓФсЃ│	уЙЁТ╝б	1285		32	-14.2235
сЃЕсЃ│сЃъсЃФ		1285		501	-15.4079
сЃЕсЃ│сѓФсЃ│	Тгёт╣▓	1285		284	-13.6544
сЃЕсЃгсЃФсЃесѓдсЃІсЃісЃф	сѓЅсѓїсѓІсѓѕсЂєсЂФсЂфсѓі	870	788	17	-11.3381
сЃЕсЃ│сЃЂсЃЉсЃЃсѓ»		1288		152	-14.2728
сЃЕсЃ│сѓи	УЌЇух▓	1291		501	-18.1724
сЃЕсЃ│	Ran	1289		376	-13.8428
сЃЕсЃ│сѓ┐сѓфсЃѕсѓд	сЃЕсЃ│сѓ┐сѓфт│Х	1288		385	-14.9543
сЃЕсЃ│сЃЄсѓБ	Randy	1288		151	-14.7259
сЃЕсѓ»сѓгсѓГ	ТЦйТЏИсЂЇ	1283		501	-18.0694
сЃЕсѓ»сѓ╣сѓц	УљйТ░┤	1285		320	-18.6282
сЃЕсѓ»сѓ┐сЃ│сЃјсЃњсЃДсѓдсѓИсЃДсѓд	­ЪўЕ	1285		501	-22.3163
сЃЕсЃ│сѓ»сЃюсѓисЃЦсѓд	сЃЕсЃ│сѓ»тІЪжЏє	1285	1283	17	-13.0521
сЃЕсЃЂсЃбсЃ│сЃђсѓц	ТІЅУЄ┤тЋЈжАї	1288		436	-13.1792
сЃЕсѓисЃДсЃ»		1293		501	-15.6214
сЃЕсЃ│сѓ╗сѓц	С║ѓТћ┐	1285		501	-18.6282
сЃЕсѓ»сѓгсѓГ	сѓЅсЂЈсЂїсЂЇ	1283		501	-18.8426
сЃЕсѓИсѓфсѓИсЃДсѓдсЃЏсѓдсѓи	сЃЕсѓИсѓфуЋфухёУАе	1288		501	-14.9196
сЃЕсЃФсЃЋ		1289		255	-11.8864
сЃЕсѓ»сѓйсѓ»	УљйжђЪ	1285		501	-18.6282
сЃЕсЃ│сЃЅ	land	1288		121	-13.7747
сЃЕсѓцсѓХсЃ│	жа╝т▒▒	1291		501	-18.1724
сЃЕсѓцсЃЄсѓБсЃ╝сЃ│		1288		203	-14.2915
сЃЕсѓцсЃѕ	write	1285		121	-18.0304
сЃЕсѓцсЃЅ		1285		64	-15.1143
сЃЕсѓцсѓфсЃ│	­ЪдЂ	5		501	-21.3806
сЃЕсЃЏсЃё	Уъ║жФф	1285		501	-18.6282
сЃЕсЃЃсѓГсЃ╝сЃЕсЃЃсѓГсЃ╝	Lucky2	1289		122	-20.9320
сЃЕсѓИсѓфсѓФсЃ│сѓхсѓц	сЃЕсѓИсѓфжќбУЦ┐	1288		305	-12.6432
сЃЕсѓдсЃЅсЃЉсЃ╝сѓ»	LOUD PARK	1288		172	-14.5374
сЃЕсЃ│сЃџ		1288		501	-14.1888
сЃЕсЃгсЃФсѓг	сѓЅсѓїсѓІсЂї	870	299	17	-10.7813
сЃЕсѓцсЃѕ	right	1285		226	-17.8906
сЃЕсѓ»сЃЂсЃБсѓ»	УљйуЮђ	1283		271	-13.9702
сЃЕсѓцсЃасѓ░сЃфсЃ╝сЃ│		1288		242	-14.8551
сЃЕсЃ┤сѓАсЃФ		1288		463	-14.0737
сЃЕсѓцсѓбсЃ│сѓесѓбсЃ╝		1292		181	-11.8480
сЃЕсЃЃсѓГсЃД	сѓЅсЂБсЂЇсѓЄ	1285		501	-18.9467
сЃЕсѓ░		1289		384	-12.0217
сЃЕсѓ»сЃљсЃ│	УљйуБљ	1283		501	-18.0694
сЃЕсЃ│сЃЉсЃ╝сЃѕ		1288		241	-14.5085
сЃЕсЃ│сѓ▓сЃ╝сѓИ	language	1289		5	-12.3218
сЃЕсѓИсѓ│сЃ│		1288		319	-12.6433
сЃЕсѓцсѓесЃ│	ТЮЦТ╝ћ	1283		98	-15.7901
сЃЕсЃЏсѓ»	ТІЅтїЌ	1283		501	-18.0694
сЃЕсЃгсѓ┐сЃѕ	сѓЅсѓїсЂЪсЂе	876	164	17	-11.0574
сЃЕсѓ»сЃЂсЃДсѓд	Уљйж│Ц	1283		501	-18.0694
сЃЕсѓ»сЃЊ	ТЦйТЌЦ	1285		501	-15.4586
сЃЕсѓцсЃѕ		1285		64	-10.3598
сЃЕсЃЄсѓБсЃЃсѓисЃЦ	сѓЅсЂДсЂЃсЂБсЂЌсѓЁ	1285		501	-18.5412
сЃЕсѓц	уіѓ	1288		501	
сЃЕсЃЃсЃѕ	RAT	1289		105	-13.8177
сЃЕсЃгсЃісѓ»сЃісЃЃ	сѓЅсѓїсЂфсЂЈсЂфсЂБ	873	786	17	-10.7939
сЃЕсЃ│сѓФсѓц	тЇхтАі	1285		501	-18.6282
сЃЕсЃј	сѓЅсЂ«	1298	368	17	-9.6739
сЃЕсЃфсЃ╝сѓ┐		1291		122	-19.3940
сЃЕсЃќсЃЕсѓцсЃљсЃ╝		1288		501	-14.0763
сЃЕсЃ│сЃІ	ТгёсЂФ	1285	151	17	-10.7241
сЃЕсѓцсѓГ	ТЮЦтЪ║	1283		501	-18.0694
сЃЕсѓцсЃЂсЃДсѓд	сѓЅсЂёсЂАсѓЄсЂє	1285		501	-18.9467
сЃЕсѓцсЃќсЃЂсѓ▒сЃЃсЃѕ		1285		17	-13.2596
сЃЕсЃ│сЃЅсѓ╣сѓ▒сЃ╝сЃЌ		1293		84	-12.2920
сЃЕсЃ│	УЄЅ	1288		501	
сЃЕсЃ│сѓГсЃ│сѓ░сЃЏсѓдсѓисЃЦсѓд	сЃЕсЃ│сѓГсЃ│сѓ░та▒жЁг	1285		17	-13.3595
сЃЕсЃ│сЃЅсЃГсЃ╝сЃљсЃ╝		1288		168	-14.3278
сЃЕсЃ│	УІњ	1294		501	-17.0867
сЃЕсѓдсЃЅ	LOUD	1289		302	-13.8084
сЃЕсѓ░сЃ╝сЃ│		1289		381	-12.5778
сЃЕсЃ│сѓй	Т┐ФУе┤	1285		501	-18.6282
сЃЕсѓ»сѓ┤сѓ▓сѓцсѓИсЃЦсЃёсѓГсЃДсѓдсѓФсѓц	УљйУфъУіИУАЊтЇћС╝џ	1288		73	-13.5804
сЃЕсѓ»сѓисЃД	УљйТЏИ	1285		32	-16.8274
сЃЕсЃФсЃЋсЃ╗сѓисЃЦсЃ╝сЃъсЃЃсЃЈ		1289		225	-13.8609
сЃЕсѓцсѓцсѓФ	сѓЅсЂёсЂёсЂІ	1285	359	17	-11.1408
сЃЕсѓ░сЃЊсЃ╝сЃфсЃ╝сѓ░		1288		362	-13.7427
сЃЕсѓ»сѓИсЃБсѓ»	УљйуЮђ	1283		271	-15.9702
сЃЕсѓцсЃЈсЃФ	ТЮЦТўЦ	1285		380	-15.2682
сЃЕсЃю		1285		294	-11.2935
сЃЕсЃ│сѓ╗сѓц	С╣▒СИќ	1285		252	-13.9605
сЃЕсЃ│сЃюсѓд	С║ѓТџ┤	1283		501	-17.9953
сЃЕсЃфсѓфсЃЈсѓисЃЦсѓд	сЃЕсЃ╗сЃфсѓфсЃЈтиъ	1288		400	-14.7677
сЃЕсЃ│сѓ░	lang	1285		226	-17.9351
сЃЕсѓ»сѓ┐сЃ│сЃјсЃњсЃДсѓдсѓИсЃДсѓд	­ЪЎђ	1285		501	-23.9231
сЃЕсѓцсЃ│сѓФсЃќсѓисѓГсѓгсѓцсѓисЃБ	LINEТафт╝ЈС╝џуцЙ	1288		374	-14.3414
сЃЕсѓИсЃІсѓФсЃ╝сЃ│сЃѕ		1289		501	-13.1320
сЃЕсЃЎсЃФ		1285		445	-11.8559
сЃЕсѓцсЃ│		1285		64	-9.6703
сЃЕсѓцсЃАсѓц	жЏитљЇ	1285		501	-17.8906
сЃЕсЃ│сѓфсѓд	тЇхж╗ё	1285		487	-12.4027
сЃЕсЃ│сЃЋсѓЕсЃ╝сЃЅ		1289		501	-14.3473
сЃЕсѓ»сѓхсЃ│	жЁфжЁИ	1288		83	-13.8751
сЃЕсЃЋсѓАсѓесЃФсЃ╗сЃісЃђсЃФ		1289		178	-13.4954
сЃЕсѓцсѓФ	СЙєУі▒	1291		501	-18.1724
сЃЕсѓГ		1285		302	-14.5757
сЃЕсѓ»сЃђсѓц	Уљйугг	1283		364	-13.0107
сЃЕсЃЃсЃЌ	С╣▒Уѕъ	1285		389	-18.6282
сЃЕсѓ»сѓисЃБ	УљйУ╗і	1288		63	-13.7719
сЃЕ	у»Г	1288		501	
сЃЕсЃћсѓ╣	lapis	1285		501	-17.8906
сЃЕсЃ│сѓИсЃД	С╣▒т║Ј	1285		501	-18.6282
сЃЕсѓ┐сѓц	УБИСйЊ	1285		307	-13.1606
сЃЕсѓ»	сѓЅсЂЈ	1283		437	-11.5495
сЃЕсЃЄсѓБсѓ▓		1289		57	-15.4901
сЃЕсЃасЃЄсѓБсѓ╣сѓ»	RAMсЃЄсѓБсѓ╣сѓ»	1288		77	-14.5538
сЃЕсЃ│сѓФ	сѓЅсѓЊуДЉ	1285		501	-18.9467
сЃЕсЃ│сЃЮсѓдсѓц	УўГТќ╣тї╗	1288		501	-14.7625
сЃЕсѓ╣	сѓЅсЂЎ	1285		437	-13.0196
сЃЕсѓ╣сѓГсЃ│		1288		204	-14.2030
сЃЕсѓдсЃЃсЃЂ	сѓЅсЂєсЂБсЂА	1289		501	-18.1292
сЃЕсЃџ		1293		501	-16.6022
сЃЕсѓцсЃѕсѓд	ТЮЦт│Х	1283		271	-13.0302
сЃЕсѓ╗сѓц	уЙЁТИѕ	1285		501	-18.6282
сЃЕсЃ│сѓдсѓДсѓц		1288		324	-13.2948
сЃЕсѓц	сѓЅсЂё	1285		395	-11.4004
сЃЕсЃ╗сЃГсѓисѓДсЃФ		1288		373	-14.2464
сЃЕсѓисЃДсѓд	уЙЁућЪ	1288		501	-18.5231
сЃЕсѓцсЃ┤		1285		478	-11.4468
сЃЕсЃЃсѓФсѓ╗сѓц		1285		75	-14.4868
сЃЕсѓцсЃЂсЃДсѓд	ТЮЦТюЮ	1283		246	-14.0719
сЃЕсЃгсЃєсѓц	сѓЅсѓїсЂдсЂё	876	925	17	-10.6580
сЃЕсЃ╝сЃАсЃ│	УђЂж║║	1285		501	-18.3181
сЃЕсѓ»сЃђсѓц	УљйтцД	1288		501	-18.5231
сЃЕсЃ│сЃІсЃЦсѓд	С╣▒тЁЦ	1283		91	-11.4975
сЃЕсЃ│сѓцсЃ│	С╣▒ТиФ	1285		501	-18.6282
сЃЕсѓесЃёсѓ«	уЙЁжќ▓уЦЄ	1293		501	-17.7008
сЃЕсЃ│сЃЕсЃ│	УўГсђЁ	1291		122	-15.8990
сЃЕсѓГсѓ╣сѓ┐	сѓЅсЂЇРўєсЂЎсЂЪ	1288		415	-14.3487
сЃЕсѓц	Уј▒	1288		501	
сЃЕсѓцсЃќсЃесѓд	сЃЕсѓцсЃќуће	1285	1298	17	-13.1019
сЃЕсЃ│сѓФсѓ╣сѓ┐сЃ╝		1285		417	-12.8808
сЃЕсѓцсЃЋсѓФсЃѕсѓдсѓ│сѓд	сЃЕсѓцсЃЋсЂІТіЋуе┐	1285	1283	17	-11.3968
сЃЕсѓИсѓ│	radiko	1288		305	-12.1647
сЃЕсЃ│сЃђсЃа	random	1288		5	-14.5656
сЃЕсЃ│сѓИсЃЦ	УЌЇуХг	1285		501	-18.6282
сЃЕсЃ╝сЃѕ		1289		325	-13.4269
сЃЕсЃЂсѓ»сЃЂ	тЪњтЈБ	1285		501	-18.6282
сЃЕсѓцсЃЕсЃЃсѓ»		1285		391	-13.1329
сЃЕсЃгсЃФсѓФсЃЕ	сѓЅсѓїсѓІсЂІсѓЅ	870	297	17	-10.8873
сЃЕсЃќсѓисЃ╝сЃ│		1285		451	-14.6508
сЃЕсѓ░сѓ┐сѓцсЃа		1288		412	-14.2388
сЃЕсѓИсѓф		1285		305	-9.2504
сЃЕсѓ»сѓ┤	сѓЅсЂЈсЂћ	1285		80	-18.9467
сЃЕсѓ»сЃЂсЃ│	сѓЅсЂЈсЂАсѓЊ	1287		202	-13.9292
сЃЕсѓцсѓФ	Leica	1288		501	-14.2143
сЃЕсЃЎсЃ│сѓ┐	la venta	1293		501	-16.7845
сЃЕ	сЃЕсѓџ	1288		501	-20.0000
сЃЕсѓ«сЃДсѓд	сЃЕУАї	1285		327	-18.0304
сЃЕсЃёсѓБсѓф		1285		348	-14.0296
сЃЕсЃЃсѓГсЃДсѓд	сѓЅсЂБсЂЇсѓЄсЂє	1285		93	-14.4176
сЃЕсЃ│сЃбсЃ│	тЇхжќђ	1285		501	-18.6282
сЃЕсѓХсЃ│	сѓЅсЂќсѓЊ	1291		501	-17.8847
сЃЕсЃфсЃЦсЃ╝		1289		501	-15.6868
сЃЕсѓцсЃќсЃЅсѓбсЃќсЃГсѓ░		1288		501	-14.7372
сЃЕсЃЂсЃгсЃФ	ТІЅУЄ┤сѓїсѓІ	619		501	-18.4303
сЃЕсѓцсЃєсѓц	жЏижює	1285		91	-15.1826
сЃЕсЃќсЃфсЃё	сѓЅсЂХсѓісЂц	1288		501	-12.7627
сЃЕсѓ░сЃЕсЃ│		1285		447	-14.2055
сЃЕсѓцсЃќсЃІсЃЦсЃ╝сѓ╣	Live News	1288		501	-14.8551
сЃЕсЃЂсЃФ	ТІЅУЄ┤сѓІ	772		501	-18.0871
сЃЕсѓц	ТЮЦ	1305		427	-9.7517
сЃЕсЃєсЃ│сѓ▒сѓц	сЃЕсЃєсЃ│у│╗	1285	1298	17	-12.8412
сЃЕ	Теѓ	1288		501	
сЃЕсѓцсѓисЃДсѓд	ТЮЦуюЂ	1285		501	-18.6282
сЃЕсѓцсѓ╗сЃ│сѓ╣		1285		431	-10.7371
сЃЕсЃ╝сЃасѓФсЃасЃўсЃ╝сЃ│		1289		359	-13.4896
сЃЕсѓцсѓисЃД	ТЮЦТЅђ	1283		345	-15.0081
сЃЕсѓ»сЃЏсѓ»	Т┤ЏтїЌ	1293		3	-17.7008
сЃЕсЃасЃЌ	сѓЅсѓђсЂи	1285		501	-18.3181
сЃЕсѓ»сѓ┐сЃГсѓд	ТЦйтцфжЃј	1291		170	-18.1724
сЃЕсѓцсѓ║	RISE	1292		40	-12.4865
сЃЕсѓцсЃЋсѓхсѓцсѓесЃ│сѓ╣		1289		294	-12.8098
сЃЕсЃ│сЃЅсЃъсЃ╝сѓ»		1293		480	-12.4563
сЃЕсЃбсѓ╣сЃФсѓц	сЃЕсЃбсѓ╣уЉатЂЅ	1289		261	-13.5285
сЃЕсѓцсѓЙсѓд	жЏиСИЅ	1291		501	-16.8914
сЃЕсѓцсЃЋ	life	1289		367	-10.9866
сЃЕсЃ│сЃЅсЃъсЃ╝сѓ»		1289		480	-13.4752
сЃЕсѓ»сѓйсЃ│	ТЦйтЃћ	1289		501	-17.9060
сЃЕсЃ╝	сѓЅсЃ╝	1285		17	-13.2962
сЃЕсЃ╝сЃАсЃ│сЃъсЃ│		1288		26	-14.2764
сЃЕсЃќсЃЕсЃЅсЃ╝сЃФ		1289		272	-13.4814
сЃЕсЃ│сЃфсЃЦсѓд	С╣▒ТхЂ	1288		339	-13.4792
сЃЕсЃЂ	УБИтю░	1285		501	-18.6282
сЃЕсѓцсЃ│	сѓЅсЂёсѓЊ	1285		293	-18.5412
сЃЕсѓ»	уЋД	1288		501	
сЃЕсѓИсѓдсЃа		1285		405	-13.7703
сЃЕсЃћсЃ╝сЃЅ		1288		168	-15.5514
сЃЕсѓцсѓИ	ТЮЦуц║	1285		501	-18.6282
сЃЕсЃљсЃѕ		1293		373	-13.3192
сЃЕсЃ│сѓХсЃ│	тхљт▒▒	1293		231	-18.7462
сЃЕсѓцсЃфсЃ╝		1289		255	-12.2691
сЃЕсѓ╣сѓ┐		1285		20	-14.5572
сЃЕсЃг	сѓЅсѓї	876		356	-4.5738
сЃЕсЃасЃђсѓисѓГ	сЃЕсЃасЃђт╝Ј	1288		45	-14.1082
сЃЕсѓ»сѓ┐сѓц	УљйСйЊ	1285		501	-16.7635
сЃЕсѓ»сЃЕсѓ»	УљйУљй	1285		501	-18.6282
сЃЕсѓ╣сЃєсЃФ		1289		501	-13.6156
сЃЕсЃ│сЃЂсЃДсЃ│сЃъсЃЃсЃѕ		1288		501	-13.9902
сЃЕсЃјсЃфсЃ│		1285		142	-15.2973
сЃЕсЃЕсЃЮсЃ╝сЃѕ	сѓЅсѓЅсЂйсЃ╝сЂе	1288		2	-18.5231
сЃЕсЃ│сЃќсЃ│	С╣▒ТќЄ	1285		501	-15.0085
сЃЕсѓ»сЃЂсЃДсѓд	УљйСИЂ	1285		501	-16.2899
сЃЕсѓИсѓбсЃ│сЃфсЃЪсЃєсЃЃсЃЅ		1288		501	-15.4703
сЃЕсЃ│сЃесѓд	Т┐Фуће	1283		456	-12.4627
сЃЕсѓ»сЃЂсЃ│		1287		501	-14.1863
сЃЕсЃЃ	ТЦй	1288		501	
сЃЕсѓ»сѓ┐сЃа		1288		83	-14.2696
сЃЕсЃбсЃ│		1288		255	-14.2279
сЃЕсѓисѓх	сѓЅсЂЌсЂЋ	1288		501	-11.3438
сЃЕсЃ│сЃЮ		1288		368	-14.9585
сЃЕсѓисѓцсЃ│	сѓЅсЂЌсЂёсѓЊ	383	1310	17	-11.1529
сЃЕсЃљсЃ╝сѓ║	LOVERS	1288		302	-14.5472
сЃЕсѓ«		1289		462	-13.4183
сЃЕсЃгсЃФсЃј	сѓЅсѓїсѓІсЂ«	870	1310	17	-9.4657
сЃЕсЃ│сѓГсЃЦсѓд	тЇхСИў	1285		501	-18.6282
сЃЕсЃЋсЃєсѓе	сѓЅсЂхсЂдсЂѕ	1285		501	-18.5412
сЃЕсЃ│	тЕф	1288		501	
сЃЕсЃЋсЃѕ		1288		83	-14.3430
сЃЕсѓцсЃќсѓИсЃДсѓдсЃЏсѓд	сЃЕсѓцсЃќТЃЁта▒	1288		305	-14.0347
сЃЕсЃЪсЃгсѓ╣		1289		62	-12.3355
сЃЕсѓц	ТФЉ	1288		501	
сЃЕсѓц	уў░	1288		501	
сЃЕсЃ│сЃђсЃасЃЂсЃЦсѓдсѓ╗сЃ│	сЃЕсЃ│сЃђсЃаТійжЂИ	1285	1283	17	-12.4475
сЃЕсѓ»сѓ┤	УљйС╝Ї	1283		320	-14.1128
сЃЕсЃ│сѓ»сѓгсѓц	сЃЕсЃ│сѓ»тцќ	1285	1298	17	-13.0521
сЃЕсЃ╝сЃАсЃ│сѓ╣сѓГ	сЃЕсЃ╝сЃАсЃ│тЦйсЂЇ	1285	1299	17	-12.9860
сЃЕсѓ»сЃѕсЃ│		1288		83	-14.3915
сЃЕсѓисѓисЃДсѓ»сЃќсЃё	УБИтГљТцЇуЅЕ	1285		218	-14.0953
сЃЕсЃъсЃФсѓ»		1288		291	-14.3384
сЃЕсѓ╣сЃѕ	RUST	1288		501	-14.5013
сЃЕсѓцсЃєсЃ│сѓГсЃБсѓ»	ТЮЦт║Ќт«б	1288		442	-13.9308
сЃЕсѓ»сѓ┤сѓГсЃДсѓдсѓФсѓц	УљйУфътЇћС╝џ	1288		73	-12.8366
сЃЕсЃђсЃ╝сЃЋсЃгсЃ╝сЃа		1288		95	-14.2506
сЃЕсѓИсѓбсЃФсѓ┐сѓцсЃц		1288		95	-14.3808
сЃЕсЃ│сЃЅсѓ╣сѓ▒сЃ╝сЃЌ	landscape	1289		5	-13.6930
сЃЕсѓдсЃ╝сЃФ		1289		492	-11.8421
сЃЕсЃ│сѓ╣сѓц	уѕЏжЁћ	1283		501	-18.0694
сЃЕсЃ│сѓ»сѓ╗сЃ│	сЃЕсЃ│сѓ»Тѕд	1285	1298	17	-13.0453
сЃЕсѓцсѓисЃЦсЃ│	ТЮЦТўЦ	1314		380	-12.7682
сЃЕсЃ│сЃЕсЃ│	сѓЅсѓЊсѓЅсѓЊ	1281		501	-17.8069
сЃЕсѓХсЃЕсѓ╣		1289		470	-14.9915
сЃЕсЃ│сѓФсѓцсЃЈсЃё	С╣▒жќІуЎ║	1288		480	-14.5135
сЃЕсЃ┤сѓАсЃ╝сѓ║		1288		448	-15.5617
сЃЕсѓцсЃј		1288		141	-14.5267
сЃЕсѓцсЃЋсѓцсѓ║		1288		501	-14.5222
сЃЕсѓцсЃасѓ«		1285		55	-14.1478
сЃЕсѓдсЃ│сѓИ		1285		414	-11.8614
сЃЕсѓгсЃ╝сЃъсЃ│		1288		170	-14.5893
сЃЕсЃ│сЃЏсѓд	УўГУі│	1291		501	-18.1724
сЃЕсЃ│сЃђсЃ╝		1288		173	-14.0592
сЃЕсѓцсЃѕсѓГсЃЦсѓд	сЃЕсѓцсЃѕу┤џ	1288		250	-12.5265
сЃЕсЃЊ		1285		199	-14.7331
сЃЕсЃ│сѓГсЃфсЃЦсѓд	С╣▒Т░ЌТхЂ	1285		425	-14.5566
сЃЕсѓцсѓисЃЦсѓд	ТЮЦжђ▒	1314		244	-8.9829
сЃЕсЃгсЃєсѓцсЃФсѓг	сѓЅсѓїсЂдсЂёсѓІсЂї	876	299	17	-11.3292
сЃЕсЃ┤сѓДсЃ│сЃі		1289		359	-12.0111
сЃЕсѓ»	ухА	1285		395	-18.6282
сЃЕсѓИсѓФсЃФ		1288		83	-13.2769
сЃЕсѓисѓцсѓФсЃЕ	сѓЅсЂЌсЂёсЂІсѓЅ	383	297	17	-10.6712
сЃЕсЃЃсЃЉсЃ╝		1288		196	-12.1251
сЃЕсЃгсѓ║	сѓЅсѓїсЂџ	873	487	17	-10.1321
сЃЕсЃ│сѓи	С╣▒Удќ	1285		174	-13.3522
сЃЕсЃЃ	УЙБ	1288		501	
сЃЕсѓцсѓ║	Rise	1289		367	-13.0945
сЃЕсЃ│	LAN	1288		431	-12.0960
сЃЕсѓ»сЃєсЃ│сѓесЃЄсѓБ	ТЦйтцЕEdy	1288		118	-13.8730
сЃЕсЃ│сѓ╣		1285		329	-15.2198
сЃЕсѓцсѓгсЃ╝		1288		141	-13.3828
сЃЕсѓцсЃ│сЃъсЃ│сѓг	LINEсЃъсЃ│сѓг	1288		501	-13.4398
сЃЕсЃ│сѓи	тЇхТГ»	1285		501	-18.6282
сЃЕсЃ╝сЃд	сЃЕсЃ╝Т▓╣	1285		75	-12.9087
сЃЕсЃ│сѓйсѓд	С╣▒т▒ц	1285		501	-18.6282
сЃЕсѓФсЃ│	сѓЅсЂІсѓЊ	1293		501	-18.3940
сЃЕсѓцсЃђсЃ╝	LiDAR	1288		501	-14.3483
сЃЕсѓцсЃ┤сЃ╗сѓбсЃФсЃљсЃа		1288		478	-14.2857
сЃЕсЃ│сЃъ	С╣▒ждг	1291		51	-13.2716
сЃЕсЃќсѓйсЃ│сѓ░		1285		478	-13.1341
сЃЕсЃ╝сЃ╗сѓФсѓцсЃЕсЃа		1288		190	-14.5045
сЃЕсѓцсѓИсЃДсѓд	ТЮЦуіХ	1285		501	-18.6282
сЃЕсѓ╣сЃѕ	Rust	1288		232	-13.6540
сЃЕсѓ»сЃєсЃ│сѓцсЃЂсЃљ	ТЦйтцЕтИѓта┤	1288		35	-12.2226
сЃЕсѓцсѓц	сѓЅсЂёсЂё	1285		54	-11.5513
сЃЕсѓдсЃ│сЃЅ	round	1285		121	-17.9816
сЃЕсѓ»сѓцсЃЂ	ТЦйтИѓ	1285		72	-15.1580
сЃЕсЃгсЃісѓ»	сѓЅсѓїсЂфсЂЈ	873	481	17	-9.8215
сЃЕсЃ│сЃфсЃё	Т┐ФуФІ	1283		501	-18.0694
сЃЕсѓцсѓдсЃ│	жЏижЏ▓	1285		112	-14.4631
сЃЕсѓ«сЃДсѓд	сѓЅУАї	1285		297	-18.9467
сЃЕсЃ│	С╣▒	1285		498	-11.2358
сЃЕсЃЅсЃ│		1285		405	-13.0885
сЃЕсЃ│сѓИсЃДсѓд	УўГтЪј	1289		501	-17.9060
сЃЕсѓцсѓгсѓц	жЏит«│	1285		501	-18.6282
сЃЕсѓцсЃЂсЃБсѓ»	ТЮЦуЮђ	1283		271	-14.5636
сЃЕсЃќсѓ╣сЃѕсЃ╝сЃфсЃ╝		1285		322	-12.9766
сЃЕсѓ»сЃєсЃ│	ТЦйтцЕ	1285		306	-10.7203
сЃЕсѓцсѓисЃЦсѓдсЃј	ТЮЦжђ▒сЂ«	1314	368	17	-10.7460
сЃЕсЃЋсѓг	сЃЕсЃЋућ╗	1287	1298	17	-13.0731
сЃЕсЃ│сѓ«сЃф	С╣▒тѕЄсѓі	1285		501	-13.3001
сЃЕсѓцсЃ│сЃЕсѓцсЃќ	LINE LIVE	1288		476	-14.6151
сЃЕсѓисЃ╝	сѓЅсЂЌсЃ╝	39		48	-11.3754
сЃЕсѓ░сѓд	сЃЕсѓ░сЂє	31		501	-12.1335
сЃЕсЃ│сѓ░		1289		255	-12.7759
сЃЕсѓ»сЃесѓд	Т┤ЏУЉЅ	1293		501	-17.7008
сЃЕсѓ»сЃЂсЃЦсѓд	Т┤ЏСИГ	1285		464	-14.0418
сЃЕсЃъ	сѓЅсЂЙ	1288		437	-13.7869
сЃЕсѓц	ж▒Д	1288		501	
сЃЕсЃфсЃфсЃБ	сЃЕсЃфсѓісѓЃ	770		501	-14.2687
сЃЕсѓцсЃѕ	light	1285		121	-17.8906
сЃЕсѓцсѓГсЃБсѓ»	ТЮЦт«б	1285		290	-12.4917
сЃЕсѓ«сЃДсѓд	сѓЅУАї	1288		297	-12.8651
сЃЕсѓ░сѓц	сЃЕсѓ░сЂё	19		501	-12.6482
сЃЕсѓ»	ТЦй	1287		251	-8.0980
сЃЕсѓцсѓйсѓд	жЏиУБЁ	1283		501	-18.0694
сЃЕсЃ╝сЃъ	сѓЅсЃ╝сЂЙ	1289		501	-17.9060
сЃЕсѓцсѓб		1289		462	-13.9009
сЃЕсЃфсЃъсЃ╝		1288		1	-14.9334
сЃЕсЃЉсЃФсЃЋсѓД		1289		122	-15.2670
сЃЕсѓцсѓгсѓц	ТЮЦУАЌ	1285		501	-18.6282
сЃЕсѓцсЃќсЃЕсЃф		1285		431	-11.4686
сЃЕсѓцсЃ│сЃљсЃЃсѓФсЃ╝		1288		62	-14.8968
сЃЕсЃЋсѓАсѓесЃГ		1289		84	-11.6665
сЃЕсЃЃсѓисЃБсЃ╝сѓГсЃасЃЕ	сЃЕсЃЃсѓисЃБсЃ╝ТюеТЮЉ	1289		141	-13.0612
сЃЕсѓ»сЃѕсЃ│	ТЦйТЋд	1291		501	-18.1724
сЃЕсЃ│сЃІсЃ│сѓ░		1283		362	-12.0915
сЃЕсЃ╗сЃЌсЃЕсѓ┐		1285		373	-15.1126
сЃЕсѓдсЃФ		1291		25	-11.7080
сЃЕсЃ│сЃЂсѓб		1288		421	-13.2798
сЃЕсЃ│сѓФ		1288		26	-14.9340
сЃЕсЃ│сЃџсѓцсѓИ		1289		141	-15.5302
сЃЕсѓд		1289		149	-16.7429
сЃЕсѓцсЃѕсЃјсЃЎсЃФ		1288		136	-11.5460
сЃЕсЃ│сЃђсЃасѓбсѓ»сѓ╗сѓ╣		1285		431	-14.3105
сЃЕсЃ│сЃљсЃё	С╣▒С╝љ	1283		55	-14.7471
сЃЕсѓцсЃІсЃЂсѓ│сѓдсѓесЃ│	ТЮЦТЌЦтЁгТ╝ћ	1288		478	-12.1374
сЃЕсѓ»сЃЂсЃ│	ТЦйсЃЂсЃ│	1287		501	-12.5093
сЃЕсѓХсѓесЃбсЃ│	уЙЁСйљУАЏжќђ	1291		501	-18.1724
сЃЕсѓфсѓд	сЃЕујІ	1288		273	-14.3195
сЃЕсѓ»сЃЈсЃё	УљйжФф	1283		501	-16.1917
сЃЕсЃ│сЃЅсЃ╝сЃФ		1288		255	-14.4744
сЃЕсЃЅсЃЋсѓЕсЃ╝сЃЅ		1290		417	-13.4927
сЃЕсѓ»сЃесѓд	УљйжЎй	1285		302	-15.7908
сЃЕсѓцсѓфсЃ│сѓ║		1292		316	-10.6787
сЃЕсЃасѓ║		1292		62	-12.5623
сЃЕсЃ│сѓГ	тхљТ░Ќ	1285		501	-18.0923
сЃЕсѓ»сЃЈ	ТЦйТ┤Й	1298		17	-13.4393
сЃЕсЃ│сЃесѓисЃдсѓГ	тхљсЃесѓисЃдсѓГ	1289		122	-21.4600
сЃЕсѓцсЃЊсЃДсѓд	сѓЅсЂёуЌЁ	1285		457	-18.9467
сЃЕсЃЅсѓгсѓ│	сЃЕсЃЅсѓгТ╣ќ	1288		432	-14.6472
сЃЕсѓ»	Теѓ	1290		128	-12.0408
сЃЕсѓцсѓфсЃ│	сѓЅсЂёсЂісѓЊ	1285		501	-18.5412
сЃЕсѓцсЃ│	Line	1289		107	-11.2478
сЃЕсѓцсѓ╣	Rice	1289		107	-13.2246
сЃЕсѓ»сѓйсѓд	ТЦйсЂЮсЂє	1287	1301	17	-12.0719
сЃЕсЃ╝сѓ╝сЃЋсѓЕсЃ│		1288		177	-14.9821
сЃЕсѓИсѓФсЃФ		1287		83	-13.4114
сЃЕсѓцсЃЋсѓФсЃѕсѓдсѓ│сѓдсѓи	сЃЕсѓцсЃЋсЂІТіЋуе┐сЂЌ	1285	610	17	-11.3968
сЃЕсЃќ	love	1285		367	-18.0304
сЃЕсѓ»сѓФсѓц	ухАтЏъ	1285		501	-18.6282
сЃЕсѓцсЃЇсЃ│сѓцсЃЂсѓгсЃё	ТЮЦт╣┤1Тюѕ	1288		501	-14.1176
сЃЕсѓгсЃ╝сЃЊсЃ╝сЃФ		1288		391	-14.4889
сЃЕсЃ│сѓ║		1285		149	-13.7792
сЃЕсѓ╣сЃѕ	LAST	1289		40	-12.0166
сЃЕсЃ│сЃЕсЃ│	сѓЅсѓЊсѓЅсѓЊ	1285		17	-12.6553
сЃЕсЃћсЃ╝сЃѕ		1288		202	-14.3221
сЃЕсЃЋсЃъсЃІсЃјсЃЋ		1289		416	-11.4845
сЃЕсЃ│сЃъ	сѓЅсѓЊсЂЙ	1288		80	-14.0255
сЃЕсЃа		1285		149	-11.7674
сЃЕ	жЉ╝	1288		501	
сЃЕсЃасЃђ	╬Џ	1288		447	-13.3639
сЃЕсЃгсЃісѓц	сѓЅсѓїсЂфсЂё	873	473	17	-8.2493
сЃЕсѓцсЃѕсѓГсЃДсѓдсЃђсѓц	сЃЕсѓцсЃѕтЁёт╝Ъ	1289		173	-12.5285
сЃЕсѓ»сѓхсЃ│	жЁфжЁИ	1285		83	-18.6282
сЃЕсѓ»сЃесѓд	Т┤ЏжЎй	1293		8	-15.3337
сЃЕсЃЃсѓГсЃ╝сѓЙсЃ╝сЃ│		1288		316	-14.2601
сЃЕсѓцсѓисЃЦсѓд	сѓЅсЂёсЂЌсѓЁсЂє	1314		501	-17.5136
сЃЕсѓц	уйЇ	1288		501	
сЃЕсѓцсЃісЃ╝сЃјсЃ╝сЃё		1288		478	-13.0969
сЃЕсѓисѓ»	сѓЅсЂЌсЂЈ	399		127	-5.2277
сЃЕсѓцсЃЋсѓ╣сЃѕсЃ╝сЃфсЃ╝		1288		501	-13.3879
сЃЕсѓгсЃ│	уЙЁу┤ѕ	1285		501	-18.6282
сЃЕсѓ░сЃъсЃЃсЃѕсЃ╗сЃєсЃгсЃЊ		1285		501	-14.6127
сЃЕсЃ│сѓисЃЦсѓд	УўГУѕЪ	1291		501	-18.1724
сЃЕсЃгсЃісѓ»сЃісЃФ	сѓЅсѓїсЂфсЂЈсЂфсѓІ	873	772	17	-11.1276
сЃЕсѓцсЃЄсЃ│	ТЮЦжЏ╗	1285		501	-17.8906
сЃЕсЃ│сѓ┐сЃ│		1285		270	-12.6093
сЃЕсЃё	УЙБ	1288		501	
сЃЕсѓцсЃљсЃФсѓи	сЃЕсѓцсЃљсЃФУдќ	1285	1297	17	-13.0317
сЃЕсЃ╝сЃАсЃ│	сѓЅсЃ╝ж║║	1285		501	-18.5412
сЃЕсЃєсЃЕсЃ│	сЃЕсЃєТгё	1288		305	-14.0849
сЃЕсЃ╝сѓИсЃБсѓгсЃЈ	ујІУѕјтЪј	1293		358	-17.7008
сЃЕсѓ»сѓйсѓд	УљйТЃ│	1285		501	-18.6282
сЃЕсѓцсЃљсЃФсѓФсЃ│сѓ▒сѓц	сЃЕсѓцсЃљсЃФжќбС┐ѓ	1288		501	-12.3813
сЃЕсЃ│сЃЅсЃФсЃЋ		1289		255	-12.5968
сЃЕсѓ░сЃЕсЃ│сѓИсЃЦ		1285		65	-13.5888
сЃЕсѓФсЃа		1289		308	-13.4719
сЃЕ	жѓЈ	1288		501	
сЃЕсѓ╣сѓГсѓбсѓцсѓ╣сЃЌсЃЃсЃЕ		1285		501	-15.1867
сЃЕсЃ│сѓ«сѓ»	С╣▒УЈі	1285		465	-15.5968
сЃЕсѓ»сѓисЃЦ	УљйТЅІ	1283		501	-17.5164
сЃЕсЃ╝сѓ║		1289		149	-14.1056
сЃЕсѓцсЃЂсЃЦсѓд		1288		501	-14.9396
сЃЕсѓцсѓИсЃЦсѓд	ТЮЦСйЈ	1283		72	-16.0688
сЃЕсЃ│сѓйсѓд	УЌЇУЌ╗	1285		355	-18.6282
сЃЕсЃЃсѓ╣	сѓЅсЂБсЂЎ	584		501	-16.8925
сЃЕсЃ│сЃЕсЃ│	сѓЅсѓЊсѓЅсѓЊ	1285		501	-18.4612
сЃЕсЃ│сѓ»сѓбсЃЃсЃЌ		1283		283	-13.2770
сЃЕсѓцсЃЅ	RIDE	1288		40	-14.7521
сЃЕсЃгсЃФсЃјсѓФ	сѓЅсѓїсѓІсЂ«сЂІ	870	359	17	-11.0683
сЃЕсѓцсѓисЃ│	ТЮЦСЙх	1283		501	-18.0694
сЃЕсѓи	сѓЅсЂЌ	387		307	-4.9483
сЃЕсЃ│сѓФсЃ│	УўГжце	1285		501	-18.6282
сЃЕсѓцсѓ╗сЃ│сѓ╣сЃфсЃДсѓд	сЃЕсѓцсѓ╗сЃ│сѓ╣ТќЎ	1288		501	-13.9053
сЃЕсѓ»сЃјсѓдсѓФ	жЁфУЙ▓т«Х	1288		55	-13.7408
сЃЕсЃгсЃісѓФсЃЃсѓ┐	сѓЅсѓїсЂфсЂІсЂБсЂЪ	873	435	17	-9.7870
сЃЕсЃ│сѓисЃДсѓд	УўГуюЂ	1285		501	-18.6282
сЃЕсѓдсѓ╣сЃЂсЃДсѓд	уЙЁУЄ╝ућ║	1293		82	-13.7835
сЃЕсѓ»сѓ│сѓд	Т┤ЏтЈБ	1285		501	-18.6282
сЃЕсЃЮсЃ╝сЃФ	rapport	1285		501	-17.9351
сЃЕсЃ│	уѕЏ	1285		389	-18.8289
сЃЕсЃЪ		1285		1	-17.2150
сЃЕсѓ░сѓ▒сЃфсЃБ	сЃЕсѓ░сЂЉсѓісѓЃ	15		501	-12.1242
сЃЕсЃ│сѓ╗сЃЃсЃѕ		1288		201	-14.6232
сЃЕсЃћсѓ╣сЃЕсѓ║сЃф		1289		391	-12.5380
сЃЕсѓцсЃєсѓц	жЏитИЮ	1289		273	-17.9060
сЃЕсЃѕсЃЊсѓб		1294		19	-10.9503
сЃЕсЃ│сЃЂсѓ»	УўГуФ╣	1285		501	-18.6282
сЃЕсЃбсЃі		1289		501	-15.9891
сЃЕсЃ│сЃЂсЃДсЃ│сЃЪсЃ╝сЃѕ		1288		75	-14.9713
сЃЕсѓИсѓбсЃ│	rad	1300		31	-16.5146
сЃЕсЃЃсѓ│	уїЪУЎј	1285		501	-18.3181
сЃЕсЃЃсЃЂ		1285		95	-13.8736
сЃЕсЃ│сѓ│сѓи	УўГУХі	1290		145	-14.8562
сЃЕсЃЃсЃё		1288		448	-14.7215
сЃЕсЃфсЃ╝		1285		421	-11.5783
сЃЕсѓцсѓФсЃ│	ТЮЦжце	1283		271	-13.7421
сЃЕсЃ│сЃЪсЃБсѓ»	С╣▒Уёѕ	1285		422	-15.3358
сЃЕсѓ║сЃЎсЃфсЃ╝сЃЉсѓц	Raspberry Pi	1288		77	-14.9299
сЃЕсЃ│сѓ│сѓд	С╣▒С║ц	1285		51	-18.6282
сЃЕсЃЕсЃЕ	сѓЅсѓЅсѓЅ	1288		54	-13.7350
сЃЕсѓ»сЃЏсѓ»	Т┤ЏтїЌ	1285		3	-18.6282
сЃЕсѓцсЃѕсЃЋсЃЕсѓцсѓГсЃЦсѓд	сЃЕсѓцсЃѕсЃЋсЃЕсѓцу┤џ	1288		250	-13.6598
сЃЕсѓИсѓфсЃђсѓцсЃІсЃЏсѓдсѓйсѓд	сЃЕсѓИсѓфугг2ТћЙжђЂ	1288		305	-14.5439
сЃЕсЃЋсЃєсЃ╝		1288		501	-14.4515
сЃЕсѓцсѓ╣сЃџсЃ╝сЃЉсЃ╝		1288		501	-14.5076
сЃЕсѓ»сѓ╗сѓГ	УљйуЪ│	1283		425	-13.1882
сЃЕсѓ»сЃдсѓд	жЏњжѓЉ	1293		501	-17.7008
сЃЕсѓцсЃќсЃЕсЃфсЃ╝		1285		363	-12.7057
сЃЕсѓ┐сЃ╝		1289		501	-15.3019
сЃЕсЃЂ	сѓЅсЂА	1283		99	-14.1503
сЃЕсЃасЃђсѓ▒сѓцсѓхсЃ│	сЃЕсЃасЃђУеѕу«Ќ	1288		65	-14.2433
сЃЕсѓцсѓФсЃ│	ТЮЦу┐░	1285		501	-18.6282
сЃЕсЃ│сЃђсЃасѓФсЃњсѓФсѓ»сѓисѓ▒сЃ│	сЃЕсЃ│сЃђсЃатїќТ»ћУ╝ЃУЕджеЊ	1288		100	-13.8862
сЃЕсѓцсЃ│	LINE	1289		363	-7.7840
сЃЕсѓцсЃЋсЃ▓	сЃЕсѓцсЃЋсѓњ	1285	156	17	-10.8404
сЃЕсЃ│сЃісЃ╝	­ЪЈЃ	5		501	-22.5937
сЃЕсѓИсЃБсЃ╝	Roger	1288		151	-13.5510
сЃЕсЃЃсѓФсЃ│сѓисЃЦсѓ«	ТЦйУд│СИ╗уЙЕ	1283	1285	17	-13.4337
сЃЕсЃ│сѓИсЃЦсѓ»	уѕЏуєЪ	1283		94	-14.8805
сЃЕсѓИсѓфсѓфсѓфсѓхсѓФ	сЃЕсѓИсѓфтцДжўф	1288		305	-12.6695
сЃЕсЃ│сѓИсЃБсѓ┐сѓц		1288		501	-14.7265
сЃЕсѓф	уЙЁт«Є	1285		4	-18.3181
сЃЕсЃ│сѓесѓГ	тЇхТХ▓	1288		501	-12.8402
сЃЕсЃЃсѓисЃБ	ТІЅсЂЌсѓЃ	582		501	-15.9060
сЃЕсѓФсЃ│		1288		88	-13.6633
сЃЕсЃ│сЃџсЃ╝сѓИ		1288		177	-14.9340
сЃЕсѓцсѓфсЃЇсѓ╣сѓбсѓ╣сѓФ	сЃЕсѓцсѓфсЃЇсѓ╣жБЏж│Ц	1289		122	-21.2270
сЃЕсЃбсЃ│	уЙЁТќЄ	1285		501	-18.6282
сЃЕсЃ│	уђЙ	1288		501	
сЃЕсѓ»сѓгсѓф	сѓЅсЂЈсЂїсЂі	1285		501	-18.9467
сЃЕсѓ»сѓ┤	УљйтЙї	1283		501	-18.0694
сЃЕсѓцсЃѕсЃљсЃ│		1285		168	-14.0869
сЃЕсЃЕсѓА		1289		26	-12.9343
сЃЕсЃЃсѓ╗сЃФ		1285		255	-12.2188
сЃЕсѓцсЃ│сЃЪсЃЦсЃ╝сѓИсЃЃсѓ»	LINE MUSIC	1288		501	-13.7298
сЃЕсѓ░сЃЊсЃ╝сЃќ	сЃЕсѓ░сЃЊсЃ╝жЃе	1288		491	-12.2867
сЃЕсЃгсЃФсѓФ	сѓЅсѓїсѓІсЂІ	870	359	17	-10.3219
сЃЕсѓцсЃќсЃЈсѓцсѓисЃ│	сЃЕсѓцсЃќжЁЇС┐А	1288		363	-11.1260
сЃЕсЃ│	жИъ	1285		128	-18.6282
сЃЕсЃ╝сЃъсЃІсѓ╗сѓц	сЃЕсЃ╝сЃъ2СИќ	1288		338	-14.8595
сЃЕсЃ│сЃЊсЃІ	УЌЇТ»ўт░╝	1293		501	-17.7008
сЃЕсѓцсЃќсЃёсѓбсЃ╝		1288		172	-12.4365
сЃЕсЃ╝	сѓЅсЃ╝	1298	1285	17	-11.7948
сЃЕсЃќсЃЕсЃќ		1287		66	-11.5676
сЃЕсѓ»сѓ╗сЃё	Уљйт▒Љ	1285		501	-18.6282
сЃЕсЃюсЃ│	уЙЁуЏє	1285		501	-18.6282
сЃЕсЃ│сЃЂсѓГ	С╣▒уЌ┤Т░Ќ	1285		501	-18.6282
сЃЕсѓисЃ│сЃ╗сѓхсЃ│сѓ┐сЃ│сЃЄсЃ╝сЃФ		1288		348	-14.8405
сЃЕсѓ»	Уљй	1288		501	
сЃЕсЃЃ	Уљй	1288		501	
сЃЕсЃЃсѓ»		1285		64	-11.9972
сЃЕсЃасЃгсЃ╝сѓ║сЃ│		1288		501	-13.9787
сЃЕсЃъ		1285		429	-14.1680
сЃЕсѓцсѓисЃ│	жа╝уюЪ	1289		399	-17.9060
сЃЕсЃЄсѓБсЃ│		1285		340	-13.7227
сЃЕсѓцсѓФ	ТЮЦтцЈ	1314		501	-14.5224
сЃЕсЃЋ	УБИтЕд	1285		84	-14.4195
сЃЕсѓф		1289		149	-16.8074
сЃЕсЃасѓхсЃ╝сЃФсѓИсЃДсѓдсЃцсѓ»	сЃЕсЃасѓхсЃ╝сЃФТЮАу┤ё	1293		475	-12.2083
сЃЕсѓцсЃќсѓесѓцсѓЙсѓд	сЃЕсѓцсЃќТўатЃЈ	1288		478	-12.3301
сЃЕсЃ│сЃъ	УўГждг	1291		501	-18.1724
сЃЕсѓ»сЃЅ	ТЦйтюЪ	1285		114	-16.0774
сЃЕсѓ»сЃљсѓ»	УљйжГё	1283		208	-18.0694
сЃЕсЃ│	у▒Ѓ	1288		501	
сЃЕсѓ»	уЃЎ	1288		501	
сЃЕсЃ│сѓ╣сЃГсЃЃсЃѕ		1289		222	-12.2464
сЃЕсѓц	уЎЕ	1285		402	-15.2329
сЃЕсѓисЃ╝сЃї		1288		204	-14.4765
сЃЕсЃ│сѓ╣сѓдсЃгсЃё	С╣▒ТЋ░тѕЌ	1288		65	-14.8108
сЃЕ	ТЎХ	1288		501	
сЃЕсЃ│сЃъ	ТгёжќЊ	1285		4	-14.6847
сЃЕсЃ│сЃђсЃасѓесЃ│сѓФсѓдсЃ│сЃѕ		1288		283	-14.9417
сЃЕсЃгсЃєсѓГ	сѓЅсѓїсЂдсЂЇ	876	904	17	-10.9323
сЃЕсѓцсѓ┐	жЏитцф	1291		49	-13.7211
сЃЕсѓцсЃ│сѓфсЃ╝сЃЌсЃ│сЃЂсЃБсЃЃсЃѕ	LINEсѓфсЃ╝сЃЌсЃ│сЃЂсЃБсЃЃсЃѕ	1288		501	-14.7498
сЃЕсѓцсЃЂсЃњсѓФсЃфсѓ»сЃЕсЃќ	сђјсЃЕсѓцсЃЂРўєтЁЅсѓ»сЃЕсЃќсђЈ	1289		122	-14.7460
сЃЕсЃЂ		1285		220	-18.0304
сЃЕсЃ│сѓ▒		1288		291	-14.5309
сЃЕсЃ╝сЃАсЃ│	ТІЅж║║	1288		93	-14.3437
сЃЕсЃ│	№цЮ	1288		501	
сЃЕсЃгсЃєсѓГсѓ┐	сѓЅсѓїсЂдсЂЇсЂЪ	876	435	17	-11.0778
сЃЕсЃ│сЃюсѓд	сѓЅсѓЊсЂ╝сЂє	1283		501	-18.3317
сЃЕсѓисЃ│	уЙЁТБ«	1289		501	-17.9060
сЃЕсѓцсѓисЃЦсѓд	ТЮЦУЦ▓	1283		411	-12.3842
сЃЕсѓцсЃЂсЃДсѓд	СЙєТюЮ	1283		501	-18.0694
сЃЕсѓцсѓцсЃ│	сѓЅсЂёсЂёсѓЊ	1283		501	-13.1488
сЃЕсЃђсЃ╝		1289		95	-12.6263
сЃЕсѓи	сѓЅсЂЌ	375		307	-4.9439
сЃЕ	у▒а	1288		501	
сЃЕсѓ»сЃЕсѓц	УљйжЏи	1283		425	-12.4264
сЃЕ	сѓЅсѓЎ	1288		501	-20.0000
сЃЕсѓцсЃќсЃЉсЃЋсѓЕсЃ╝сЃъсЃ│сѓ╣		1288		478	-13.8742
сЃЕ	уеј	1288		501	
сЃЕсѓисЃДсЃ»	уЙЁтЄдтњї	1293		501	-17.7008
сЃЕсѓцсѓ╣сѓисЃБсЃ»сЃ╝		1289		245	-12.4020
сЃЕсЃ│сѓ»сЃЁсѓ▒	сЃЕсЃ│сѓ»С╗ўсЂЉ	1288		501	-13.1793
сЃЕсѓфсѓд		1289		26	-12.3601
сЃЕсЃ│сѓ╗сЃ│	С╣▒Тѕд	1285		411	-13.6054
сЃЕсѓ»сѓи	УљйТЪ┐	1288		501	-18.5231
сЃЕсЃа	RAM	1289		431	-11.0192
сЃЕсЃ│сѓйсѓд	сЃЕсЃ│УЌ╗	1285		501	-18.0304
сЃЕсѓцсЃЋсѓФ	сЃЕсѓцсЃЋсЂІ	1285	359	17	-11.3942
сЃЕсЃю	сѓЅсЂ╝	1285		80	-13.5024
сЃЕсѓ░	lag	1285		461	-17.8481
сЃЕсЃЃсЃЉ	тќЄтЈГ	1285		123	-14.6440
сЃЕсЃё	тЅї	1288		501	
сЃЕсЃЋсѓБсЃЃсЃѕ		1285		225	-15.2967
сЃЕсѓдсЃЂсЃБсЃ│	сЃЕсѓдсЂАсѓЃсѓЊ	1285	1302	17	-12.3486
сЃЕсЃФсѓ»		1289		26	-11.7752
сЃЕсѓХсЃГ		1289		199	-13.2041
сЃЕсЃ│сѓйсѓдсѓгсЃ│	тЇхтиБуЎї	1288		192	-14.9480
сЃЕсЃ│сЃЂсЃюсЃЃсѓ»сѓ╣		1288		448	-14.9663
сЃЕсЃ╝сЃЌ	lrrp	1285		501	-18.1929
сЃЕсѓисѓц	сѓЅсЂЌсЂё	383		48	-4.7922
сЃЕсѓцсѓГсЃ│	сѓЅсЂёУЈї	1285		501	-18.9467
сЃЕсѓцсЃќсЃЅсѓбсЃІсЃЦсЃ╝сѓ╣		1288		501	-13.8623
сЃЕсѓисѓцсѓг	сѓЅсЂЌсЂёсЂї	383	299	17	-11.2621
сЃЕсЃ│сѓгсѓ»	УўГтГд	1285		251	-13.4253
сЃЕсЃ╝сѓ╣сЃГсЃ╝		1288		273	-13.6691
сЃЕсЃ│сЃюсЃ╝сЃЅ		1288		284	-14.5258
сЃЕсЃё	у│▓	1288		501	
сЃЕсЃљсѓ╣сЃѕ		1285		17	-12.5151
сЃЕсѓцсЃЇсЃ│	ТЮЦт╣┤	1314		17	-8.8820
сЃЕсЃ│сЃЅсЃъсЃ╝сѓ»сѓ┐сЃ»сЃ╝		1288		2	-14.7754
сЃЕсЃЃсѓисЃБсЃ╝		1288		37	-14.7677
сЃЕсЃ│сѓ╣сѓц	С╣▒жЁћ	1283		501	-18.0694
сЃЕсѓИсѓфсѓГсЃДсѓ»	сЃЕсѓИсѓфт▒ђ	1288		27	-11.3613
сЃЕсЃ│сЃЅ		1300		347	-13.6901
сЃЕсЃЅсѓ»сЃфсЃЋ	radcliffe	1289		501	-16.8074
сЃЕсѓцсѓ╣		1285		255	-12.0030
сЃЕсѓцсѓИсЃДсѓд	жа╝тЪј	1293		501	-15.0406
сЃЕсЃЃсѓГсЃ╝	сЃЕсЃЃсЂЇсЃ╝	1287		501	-16.6206
сЃЕсЃљсЃ│		1289		443	-14.1273
сЃЕсЃасѓИсѓДсЃЃсЃѕсѓесЃ│сѓИсЃ│		1288		384	-14.8790
сЃЕсЃгсЃєсѓисЃъсѓд	сѓЅсѓїсЂдсЂЌсЂЙсЂє	876	1253	17	-11.2446
сЃЕсѓдсЃЅсЃЇсѓ╣		1292		302	-13.2064
сЃЕсЃ│сЃђсѓц	УўГтЈ░	1291		465	-15.9752
сЃЕсЃ│сѓхсѓцсЃюсѓд	тЇху┤░УЃъ	1288		355	-14.0166
сЃЕсЃісЃфсЃЃсЃѕ		1289		68	-14.1789
сЃЕсЃгсЃФсЃјсЃЄ	сѓЅсѓїсѓІсЂ«сЂД	870	316	17	-11.1810
сЃЕсЃ│сѓГсЃ│сѓ░		1285		318	-9.6200
сЃЕсЃ│сѓ»сѓцсЃ│		1283		318	-11.0121
сЃЕсѓйсЃ│	уЙЁтЁѕ	1293		117	-17.7008
сЃЕсЃ│	у╣┐	1288		501	
сЃЕсЃЃсѓ╗сЃФсѓисЃБ	сЃЕсЃЃсѓ╗сЃФУ╗і	1288		467	-14.9564
сЃЕсЃ│сѓ┐сЃГсѓд	УўГтцфжЃј	1291		501	-15.8698
сЃЕсЃ│сѓйсѓд	УЌЇУЌ╗	1288		355	-13.2300
сЃЕсЃќсЃю		1285		501	-15.0377
сЃЕсЃ│сЃъсЃ│	сѓЅсѓЊсЂЙсѓЊ	1285		80	-14.6140
сЃЕсѓдсЃ│сЃЅсЃГсЃЊсЃ│		1288		283	-14.4477
сЃЕсѓцсЃасЃЕсѓцсЃѕ		1285		496	-14.9209
сЃЕсЃЃсѓГсЃДсѓд	Уќц	1288		501	
сЃЕсѓ╣сЃѕ	last	1285		121	-17.8906
сЃЕсЃ│сѓисЃ│	С╣▒т┐Ѓ	1283		74	-13.5854
сЃЕсЃ│сЃЅсѓ»сЃФсЃ╝сѓХсЃ╝		1288		168	-13.9338
сЃЕсЃ│	ran	1289		461	-12.8616
сЃЕсѓцсЃќсЃЕсЃфсЃ╝	library	1289		232	-13.1293
сЃЕсЃ│сѓФсЃё	тЇхтЅ▓	1288		355	-14.3278
сЃЕсЃє		1285		274	-14.4753
сЃЕсЃасЃђ	╬╗	4		447	-9.1894
сЃЕсѓ╗сЃ│	Уъ║уиџ	1285		501	-18.6282
сЃЕсЃ│сѓФсѓ»	Т┐ФуЇ▓	1283		501	-18.0694
сЃЕсЃ│сЃѕсѓдсѓхсЃ»сѓ«	С╣▒жЌўжењсЂј	1288		337	-13.7948
сЃЕсЃєсѓ▒сЃ│сѓесѓц	сЃЕсЃєтЁ╝тќХ	1292		205	-13.3945
сЃЕсЃ│сЃЄсѓБсЃ╗сЃљсЃ╝сѓ╣		1289		310	-13.5779
сЃЕсѓИсЃЦсѓд	уЙЁС╗ђ	1289		501	-17.9060
сЃЕсЃ│сЃџсѓГ	УЌЇубД	1285		501	-18.4767
сЃЕ	Уў┐	1288		501	
сЃЕсѓц	УаА	1288		501	
сЃЕсЃб	сѓЅсѓѓ	1298	262	17	-10.9424
сЃЕсЃгсЃєсѓцсѓ┐	сѓЅсѓїсЂдсЂёсЂЪ	876	435	17	-9.6792
сЃЕсЃ│сЃЪсЃ│	ТЄХуюа	1285		501	-18.6282
сЃЕсЃФсЃЋсЃ╗сЃГсЃ╝сЃгсЃ│		1289		274	-13.5700
сЃЕсЃгсЃєсѓфсЃф	сѓЅсѓїсЂдсЂісѓі	876	1197	17	-10.4071
сЃЕсѓцсѓ╗сѓГ	жЏиУиА	1285		501	-18.6282
сЃЕсЃ│сЃФ	УЦцУцИ	1285		4	-15.9673
сЃЕсЃ╗сЃъсЃ│сЃЂсЃБ		1288		430	-14.3300
сЃЕсѓцсЃќсЃё	уц╝С╗Ј	1283		501	-18.0694
сЃЕсЃ┤сѓА		1289		149	-13.5300
сЃЕсЃЃсѓФсЃ╝		1285		270	-13.9141
сЃЕсѓ╗сЃё	уЙЁтѕЄ	1285		418	-18.6282
сЃЕсЃљсѓдсЃФ		1293		37	-10.4943
сЃЕсЃЃсЃћсЃ│сѓ░сЃЄсЃ│сѓисЃБ	сЃЕсЃЃсЃћсЃ│сѓ░жЏ╗У╗і	1288		501	-14.3964
сЃЕсѓцсЃєсѓБсЃ│сѓ░		1288		139	-10.6237
сЃЕсЃєсЃ│		1285		340	-12.0104
сЃЕсЃ│		1281		149	-17.1879
сЃЕсЃ│сЃЅсЃъсЃ╝сѓ»		1288		480	-12.8266
сЃЕсѓцсѓ┐сЃГсѓд	ТЮЦтцфжЃј	1291		501	-18.1724
сЃЕсЃ│сЃѕсѓд	УўГТ╣»	1285		501	-18.6282
сЃЕсѓ»сЃєсЃ│сЃѕсЃЕсЃЎсЃФ	ТЦйтцЕсЃѕсЃЕсЃЎсЃФ	1292		274	-11.9084
сЃЕсѓцсЃ│сѓ╣сѓ┐сЃ│сЃЌ		1288		501	-14.5908
сЃЕсЃ│сЃЮсѓд	сѓЅсѓЊТќ╣	1285		501	-15.2616
сЃЕсѓцсЃЇсЃ│сЃІсѓгсЃё	ТЮЦт╣┤2Тюѕ	1288		501	-14.8386
сЃЕсѓцсЃЕ		1291		25	-12.2331
сЃЕсЃЈ	сѓЅсЂ»	1298	261	17	-9.9352
сЃЕсѓцсѓфсЃ│сѓГсЃ│сѓ░		1288		122	-14.3323
сЃЕсЃЂ	тЪЊ	1285		66	-18.6282
сЃЕсѓИсѓбсЃ│сЃъсѓцсЃЊсЃДсѓдсЃъсѓцсЃЊсЃДсѓд	сј»	1288		501	-20.0000
сЃЕсѓ┐сЃ│		1285		241	-15.8036
сЃЕсѓ»сЃ»	Т┤Џтњї	1288		501	-18.5231
сЃЕсЃ│сЃъ	С╣▒ж║╗	1285		501	-17.7011
сЃЕсЃ│сЃЉсЃё	С╣▒уЎ║	1283		133	-13.1910
сЃЕсѓцсЃќсЃўсЃ│сѓФсЃ│	сЃЕсѓцсЃќтцЅТЈЏ	1283		228	-15.6237
сЃЕсѓ»	жД▒	1288		501	
сЃЕсѓцсѓисЃ│	ТЮЦС┐А	1285		501	-17.4206
сЃЕсЃгсЃісѓцсЃ│	сѓЅсѓїсЂфсЂёсѓЊ	873	1310	17	-10.6993
сЃЕсѓцсЃасѓ«сЃЉсЃ│	сЃЕсѓцж║дсЃЉсЃ│	1288		75	-14.7986
сЃЕсЃ╝		1285		429	-13.0463
сЃЕсЃ│сѓй	С╣▒Уе┤	1285		501	-18.6282
сЃЕсѓИсѓфсѓ╗сЃ│сѓ┐сЃ╝		1288		305	-14.6999
сЃЕсЃ│сЃјсѓд	тЇхсЂ«сЂє	1285		501	-18.6282
сЃЕсЃасЃІсѓ»	сЃЕсЃаУѓЅ	1288		75	-14.1401
сЃЕсЃ│сЃъ	сѓЅсѓЊсЂЙ	1285		80	-18.9467
сЃЕсѓцсЃфсЃ│	ТЮЦУЄе	1285		479	-15.6876
сЃЕсѓ╣сЃѕ		1285		478	-10.2671
сЃЕсѓц	УЌЙ	1288		501	
сЃЕсЃЮсЃ╝сЃФ		1288		383	-14.9251
сЃЕсЃ│сѓхсЃ│	сѓЅсѓЊсЂЋсѓЊ	1285	1302	17	-12.7464
сЃЕсѓцсЃЏсѓд	СЙєУеф	1283		501	-18.0694
сЃЕсѓ»сЃљсѓ»	УљйУјФ	1285		501	-18.6466
сЃЕсЃЋсѓАсЃєсѓБ		1289		1	-13.2243
сЃЕсѓ»сЃљсѓц	УљйТбЁ	1285		501	-18.6282
сЃЕсѓ»сЃњсЃё	УљйуГє	1283		501	-18.0694
сЃЕсѓцсЃгсѓГ	СЙєТГи	1285		501	-18.6282
сЃЕсѓ»сѓ╣сѓц	Т┤ЏТ░┤	1293		3	-17.7008
сЃЕсЃ│	жЉЙ	1288		501	
сЃЕсЃ│	УЦц	1288		501	
сЃЕсЃўсЃ│	сѓЅсЂИсѓЊ	1298		501	-10.5976
сЃЕсѓцсѓ┐сЃ╝	Writer	1288		232	-14.3642
сЃЕсЃасЃђ		1285		45	-14.0875
сЃЕсЃ│	тгЙ	1288		501	
сЃЕсЃгсѓ┐сЃф	сѓЅсѓїсЂЪсѓі	876	360	17	-10.6492
сЃЕсЃф		1289		335	-16.8074
сЃЕсѓц	уд«	1288		501	
сЃЕсЃ│	С║ѓ	1285		501	-18.6282
сЃЕсѓ»сЃєсЃ│сЃќсЃЃсѓ»сѓ╣	ТЦйтцЕсЃќсЃЃсѓ»сѓ╣	1292		501	-12.5477
сЃЕсѓХсЃ│	уЙЁт▒▒	1291		365	-13.1085
сЃЕсЃєсЃ│		1293		340	-11.5876
сЃЕсЃЂ		1289		220	-13.3700
сЃЕсѓ»сЃўсѓц	Т┤Џт╣│	1291		501	-18.1724
сЃЕсѓцсѓ╗сЃ│сѓисЃ╝		1288		206	-14.3158
сЃЕсѓцсѓгсЃ╝сѓ╝сЃГ		1288		190	-13.8465
сЃЕсѓцсЃфсЃЦсѓд	ТЮЦуљЅ	1283		501	-18.0694
сЃЕсѓцсѓц	ТЮЦТёЈ	1285		501	-18.0923
сЃЕсѓцсЃЌсЃІсЃЃсЃё		1289		65	-12.0882
сЃЕсЃг	сѓЅсѓї	873		356	-4.6280
сЃЕсЃ│сЃІсЃЂ	УўГТЌЦ	1285		501	-18.6282
сЃЕсѓцсѓисЃё	ТЮЦт«ц	1285		501	-18.6282
сЃЕсЃфсЃЕ	сЃЕсЃфсѓЅ	780		501	-14.2739
сЃЕсѓцсѓ┐сЃ╝сѓхсЃ│	сЃЕсѓцсѓ┐сЃ╝сЂЋсѓЊ	1285	1302	17	-12.0790
сЃЕсѓцсЃІсЃЂсѓи	ТЮЦТЌЦсЂЌ	1283	610	17	-11.2925
сЃЕсЃЃсѓисЃБсЃФ	сѓЅсЂБсЂЌсѓЃсѓІ	1091		54	-9.2338
сЃЕсѓ»сѓисЃДсѓд	УљйТјї	1283		501	-18.0694
сЃЕсЃ│сѓ»сѓбсѓ▓	сЃЕсЃ│сѓ»СИісЂњ	1285		17	-13.0767
сЃЕсѓфсЃЃсѓ»сѓ╣		1292		35	-12.8388
сЃЕсЃ│сѓ│сѓ»	жИътЏй	1294		501	-17.0867
сЃЕсЃ│сЃІсЃ│сѓ░		1285		362	-11.7113
сЃЕсЃЌсЃЕсѓ┐		1293		400	-13.9560
сЃЕсѓ╣сѓ│сЃ╝сЃфсЃІсѓ│сЃЋ		1288		91	-13.9515
сЃЕсЃ╝сѓИсЃ│		1285		146	-15.4211
сЃЕсѓцсЃѕ	сѓЅсЂёсЂе	1287		80	-12.7197
сЃЕсЃ│		1289		149	-17.7237
сЃЕсѓцсЃ│		1293		64	-13.4504
сЃЕсЃ│сѓисЃДсѓд	Т┐ФУД┤	1285		233	-15.6253
сЃЕсѓ»сЃГсѓдсѓ░сЃ│	ТЦйТхфжЃА	1288		135	-13.5924
сЃЕсѓцсЃќсЃЂсЃБсЃЃсЃѕ		1288		206	-14.5538
сЃЕсѓх		1293		373	-11.7852
сЃЕсѓцсЃ│сѓ▒сЃ│		1285		0	-15.3842
сЃЕсѓ»	жЁф	1285		75	-18.6282
сЃЕсЃ┤сѓДсЃ│сЃісѓ▒сЃ│	сЃЕсЃ┤сѓДсЃ│сЃіуюї	1288		501	-14.8988
сЃЕсѓцсЃЄсЃ│		1293		463	-11.8762
сЃЕсѓцсЃѕсѓ╗сЃ╝сЃљсЃ╝		1288		26	-13.3216
сЃЕсЃЃсѓй		1285		416	-15.3250
сЃЕсЃ╝сѓИ		1287		89	-13.9211
сЃЕсѓИсѓ│сЃ│сѓФсЃ╝		1285		168	-15.0302
сЃЕсѓХ	уЙЁтЮљ	1283		501	-18.0694
сЃЕсЃ│сѓ░сѓд	УўГтхј	1291		501	-17.0738
сЃЕсЃ│сЃЄсѓБсЃ╗сѓфсЃ╝сЃѕсЃ│		1289		141	-13.4470
сЃЕсЃъсЃђсЃ│		1288		482	-14.4635
сЃЕсЃєсѓБ		1289		470	-13.6883
сЃЕсЃЃсЃЌсЃѕсЃЃсЃЌ		1288		139	-13.1227
сЃЕсЃ│сѓц	УЌЇУАБ	1288		501	-18.5231
сЃЕсѓ╗сЃё	уЙЁжЏф	1291		501	-18.1724
сЃЕсЃєсЃЃсѓ»сѓ╣		1285		270	-14.5700
сЃЕ	УаА	1288		501	
сЃЕсЃасЃЂсЃБсЃ│	сѓЅсѓђсЂАсѓЃсѓЊ	1285	1302	17	-12.8932
сЃЕсѓцсЃѕсЃІсЃ│сѓ░		1289		190	-11.7849
сЃЕсЃгсЃФсЃесѓдсЃІ	сѓЅсѓїсѓІсѓѕсЂєсЂФ	870	151	17	-9.8617
сЃЕсЃЃ	Теѓ	1288		501	
сЃЕсЃЎ		1288		6	-17.0135
сЃЕсѓ║сЃЎсЃфсЃ╝		1285		75	-13.6878
сЃЕсѓ»сѓ╗сѓц	Т┤ЏУЦ┐	1285		81	-18.6282
сЃЕсЃЃсѓФ	ТЦйТъю	1285		501	-18.6282
сЃЕсЃЋсѓЕсЃ╝сЃгсЃЈсЃЕсѓИсЃЦсѓ»	сЃЕсЃЋсѓЕсЃ╝сЃгтјЪт«┐	1288		172	-14.5090
сЃЕсЃ│сЃЂсЃАсЃІсЃЦсЃ╝		1288		501	-14.0325
сЃЕсѓ╣сѓГ		1289		501	-14.7147
сЃЕсѓисЃДсЃісЃФ	rational	1287		336	-16.7040
сЃЕсЃгсЃісѓцсѓФсЃЕ	сѓЅсѓїсЂфсЂёсЂІсѓЅ	873	297	17	-10.9461
сЃЕсѓ»сЃєсЃё	УљйжЅё	1283		337	-15.1850
сЃЕсЃасѓИсѓДсЃЃсЃѕ		1285		384	-15.2717
сЃЕсѓ»сѓи	УљйТъЮ	1285		382	-18.6282
сЃЕсѓцсЃЏсѓд	ТЮЦУеф	1283		271	-11.6451
сЃЕсѓисЃ╝сЃ│		1288		138	-15.2319
сЃЕсѓИсѓбсЃ│сЃъсѓцсЃЊсЃДсѓд	сЃЕсѓИсѓбсЃ│Т»јуДњ	1288		501	-15.8404
сЃЕсѓ╣сЃѕсЃюсѓ╣		1288		283	-13.9997
сЃЕсѓцсѓбсЃ╝сѓ▓сЃ╝сЃа		1288		250	-14.9613
сЃЕсѓисЃБ		1285		270	-14.7835
сЃЕсЃ│	УўГ	1291		128	-11.1360
сЃЕсЃ│сѓ«сЃДсѓ»	УЌЇујЅ	1285		440	-19.9060
сЃЕсѓцсѓХсЃЃсЃЌ		1289		501	-12.6758
сЃЕсЃ╝сѓИсЃЌсЃ╝сЃѕ		1288		359	-13.7825
сЃЕсѓ»сѓ┤	УљйУфъ	1285		312	-11.0950
сЃЕсѓ»сѓ╗сЃ│	ТЦйТ│Ѕ	1288		501	-18.5231
сЃЕсѓцсЃЋ	Life	1289		367	-10.4656
сЃЕсѓИсѓф	radio	1285		40	-17.8906
сЃЕсѓ»сЃІсЃісЃЃсѓ┐	ТЦйсЂФсЂфсЂБсЂЪ	1287	435	17	-11.4338
сЃЕсЃ│сЃЂсѓ┐сѓцсЃа		1285		244	-13.0424
сЃЕсЃ│сѓ»сЃъсЃЃсЃЂ		1288		501	-13.9862
сЃЕсЃ│сЃЂ		1285		442	-10.4816
сЃЕсЃю	LABO	1288		274	-12.8487
сЃЕсѓ»сѓХсЃ│	ТЦйт▒▒	1291		58	-13.7250
сЃЕсЃ╗сѓхсЃ╝сЃФ		1292		138	-13.1308
сЃЕсѓцсѓГсЃ│	уЎЕУЈї	1285		501	-18.6282
сЃЕсѓцсѓисЃД	ТЮЦуй▓	1285		501	-18.6282
сЃЕсѓИсѓфсЃЅсЃЕсЃъ		1285		322	-12.0467
сЃЕсЃЌсѓйсЃЄсѓБсЃ╝	сѓЅсЂисЂЮсЂДсЂЃсЃ╝	1285		501	-18.5412
сЃЕсѓдсѓДсѓц		1288		419	-14.6977
сЃЕсѓ╣сЃѕсѓбсѓцсЃЅсЃФ		1289		122	-14.7710
сЃЕсѓх	ТІЅУќЕ	1293		501	-17.7008
сЃЕсЃ╝сЃд	сѓЅсЃ╝Т▓╣	1285		501	-18.5412
сЃЕсѓ»сЃЇ	ТЦйт»Ю	1285		501	-18.6282
сЃЕсЃ│сЃюсѓхсѓцсЃюсѓд	тЇхТ»Їу┤░УЃъ	1288		355	-14.5081
сЃЕсѓцсЃќ	Live!	1288		40	-14.4554
сЃЕсѓцсЃѕсЃФсЃ╝сЃа	Lightroom	1288		501	-13.6950
сЃЕсѓцсЃъсЃ│		1288		347	-14.9778
сЃЕсЃЃсѓи	сѓЅсЂБсЂЌ	587		501	-16.8959
сЃЕсѓ»сЃФсѓц	УљйТХЎ	1283		495	-14.5645
сЃЕсѓ▓сЃЃсѓИ		1288		95	-14.7366
сЃЕсѓцсѓ┐сѓ»	ТЮЦсЂЪсЂЈ	1283		501	-14.7295
сЃЕсѓцсЃќсѓфсЃ│сѓ▓сЃ│	сЃЕсѓцсЃќжЪ│Т║љ	1288		478	-13.3345
сЃЕсѓ░сЃЊсЃ╝сЃЋсЃЃсЃѕсЃюсЃ╝сЃФ		1285		491	-14.6840
сЃЕсѓцсЃќсЃІ	сЃЕсѓцсЃќсЂФ	1285	151	17	-10.5445
сЃЕсѓцсЃђсЃ╝сѓ╣		1285		501	-15.0860
сЃЕсѓи		1285		492	-15.1484
сЃЕсѓцсѓбсЃ│сѓ║	lyons	1289		501	-16.8074
сЃЕсЃћсѓ╣		1289		443	-12.7146
сЃЕсЃєсЃ│сѓбсЃФсЃЋсѓАсЃЎсЃЃсЃѕ		1288		352	-14.5585
сЃЕсѓцсѓфсЃЃсЃѕ	RIOT	1289		232	-13.8936
сЃЕсѓ╣сЃѕсЃЂсЃБсЃ│сѓ╣		1288		178	-13.7121
сЃЕсѓцсѓисЃЦсѓдсЃъсЃё	ТЮЦжђ▒ТюФ	1314	1305	17	-12.1756
сЃЕсѓцсѓ»сЃъсѓ│сЃѕ	жЏитЈЦУфа	1289		122	-18.4130
сЃЕсЃЃсЃЅ		1289		255	-13.1010
сЃЕсѓцсЃѕ	уц╝жЃй	1291		122	-15.7610
сЃЕсѓцсѓФсЃ│	ТЮЦу░А	1285		501	-18.6282
сЃЕсѓ║		1289		462	-13.7667
сЃЕсЃћсѓб		1292		341	-13.3490
сЃЕсЃгсЃгсЃљ	сѓЅсѓїсѓїсЂ░	868	318	17	-11.1031
сЃЕсЃќсѓесЃЋсѓесЃа	LOVE FM	1288		205	-14.9224
сЃЕсѓ╣сЃѕ	last	1289		121	-11.5199
сЃЕсЃЃсѓисЃГ	ТІЅсЂЌсѓЇ	588		501	-15.9066
сЃЕсѓ»сѓх	сѓЅсЂЈсЂЋ	1285		331	-15.2954
сЃЕсѓцсЃњсѓ╣сЃъсЃФсѓ»	РёЏ	1288		501	-20.0000
сЃЕсЃЃсЃЉ	сѓЅсЂБсЂ▒	1285		256	-15.3351
сЃЕсѓцсЃбсЃ│	жЏиу┤І	1285		501	-18.6282
сЃЕсѓцсѓцсѓФсЃі	сѓЅсЂёсЂёсЂІсЂф	1285	275	17	-11.2349
сЃЕсѓИсѓфсѓ┐сѓцсѓйсѓд	сЃЕсѓИсѓфСйЊТЊЇ	1289		224	-11.3303
сЃЕсЃ│сЃЄсЃ│	УЌЇућ░	1291		231	-18.1724
сЃЕсЃ│сѓФсѓцсЃЏсѓдсЃЂсЃЦсѓд	ТгёжќІТћЙСИГ	1285	1305	17	-13.1830
сЃЕсЃ│	сѓЅсѓЊ	1285		437	-11.0281
сЃЕсЃгсЃг	сѓЅсѓїсѓї	868		47	-4.6699
сЃЕсѓцсЃќсѓхсѓцсѓ│сѓд	сЃЕсѓцсЃќТюђжФў	1285		17	-13.1830
сЃЕсѓИсѓфсѓисЃ╝сЃЄсѓБсЃ╝	сЃЕсѓИсѓфCD	1288		24	-14.9713
сЃЕсЃЃсЃёсѓБсЃ│сѓгсЃ╝		1288		38	-14.8660
сЃЕсЃ┤сѓЕсѓбсѓИсѓе		1288		210	-13.9986
сЃЕсЃ│	УўГ	1294		128	-16.7682
сЃЕсѓйсЃё	жѓЈтЇњ	1285		156	-16.1509
сЃЕсѓ║сЃЉсѓц		1288		501	-14.8822
сЃЕсѓцсЃљсЃФ		1285		334	-10.2436
сЃЕсЃасѓИсЃ╝		1288		38	-14.8519
сЃЕсѓцсЃЈсѓисЃДсѓдсЃЇсЃ│	жЏиТ│бт░Љт╣┤	1288		205	-14.7400
сЃЕ	ТЦй	1288		501	
сЃЕсЃ╝сЃъсѓ»сЃфсѓисЃЦсЃі		1289		199	-13.7725
сЃЕсѓцсѓГ	ТЮЦтГБ	1285		306	-12.8797
сЃЕсЃгсЃФ	сѓЅсѓїсѓІ	870		471	-4.5794
сЃЕсѓцсЃЂсЃДсѓд	ТЮЦт║Ђ	1285		501	-18.6282
сЃЕсЃЃсѓГсЃ╝сѓ╣сЃѕсЃЕсѓцсѓ»		1288		274	-14.8035
сЃЕсѓ»сЃГсѓ╣		1285		362	-14.0690
сЃЕсЃгсЃісѓ»сЃє	сѓЅсѓїсЂфсЂЈсЂд	873	307	17	-10.6045
сЃЕсѓ»сЃцсѓГ	Т┤Џуё╝сЂЇ	1285		501	-18.6282
сЃЕсѓцсЃЋсѓгсЃ╝сЃЅ		1288		362	-14.4242
сЃЕсѓ╣сЃѕсѓ▓сЃ╝сЃа		1288		178	-14.6708
сЃЕсѓ»сЃЏсѓд	УљйжЙљ	1285		501	-18.6282
сЃЕсЃЃсѓ╗сЃе	сѓЅсЂБсЂЏсѓѕ	589		501	-16.8869
сЃЕсѓ╣сЃѕсЃ»сЃ│		1285		17	-13.1669
сЃЕсѓцсѓГ	уц╝Уеў	1288		342	-13.3227
сЃЕ	тЇЂ	1288		501	
сЃЕсѓисЃ│	УБИУ║Ф	1285		295	-15.3065
сЃЕсѓц	уЎў	1288		501	
сЃЕсѓ╣сѓдсѓДсЃФ		1289		157	-14.9407
сЃЕсЃљ	сѓЅсЂ░	1285		501	-19.0802
сЃЕсЃ│сЃю	тЇхТ»Ї	1285		501	-18.6282
сЃЕсѓцсЃЄсѓБсЃ│сѓ░		1289		64	-12.4617
сЃЕсѓцсѓисЃЦсѓдсѓцсѓ│сѓд	ТЮЦжђ▒С╗ЦжЎЇ	1314		17	-13.2035
сЃЕсѓцсЃѕ	Lite	1289		315	-12.6887
сЃЕсѓцсѓхсЃ│сЃесѓд	жа╝т▒▒жЎй	1289		312	-12.9449
сЃЕсѓцсЃ│	line	1289		5	-10.4416
сЃЕсЃЋсѓАсѓесЃЕ		1289		368	-15.1691
сЃЕсЃЂ	сѓЅУЄ┤	1283		501	-18.8426
сЃЕсЃ│сЃюсѓд	С╣▒Тџ┤	1287		66	-11.0640
сЃЕсЃгсѓ┐сѓц	сѓЅсѓїсЂЪсЂё	876	444	17	-11.1341
сЃЕсѓцсЃё		1289		203	-11.1114
сЃЕсЃгсЃєсЃб	сѓЅсѓїсЂдсѓѓ	876	262	17	-10.7164
сЃЕсѓисЃ│	сѓЅсЂЌсѓЊ	1285		99	-15.2270
сЃЕсЃЃсѓГсЃ╝сѓФсЃЕсЃ╝		1288		256	-13.7541
сЃЕсѓцсЃЋсЃЕсѓцсЃ│		1285		102	-13.1072
сЃЕсѓе		1285		37	-14.0594
сЃЕсЃ│сЃЅсѓ»	С╣▒УфГ	1283		323	-15.0775
сЃЕсЃфсЃ╝сѓ»сЃГсѓ╣		1288		7	-14.6472
сЃЕсЃЋсѓАсѓесЃФсѓ╝сЃ│сЃЉ	сЃЕсЃЋсѓАсѓесЃФтЅЇТ┤Й	1288		84	-14.1049
сЃЕсЃЌсЃЕсѓ╣сЃўсЃ│сѓФсЃ│	сЃЕсЃЌсЃЕсѓ╣тцЅТЈЏ	1288		447	-14.5849
сЃЕсЃ│сѓФсѓ»	С╣▒уЇ▓	1283		55	-12.3976
сЃЕсЃјсЃЎ		1288		136	-11.9732
сЃЕсѓцсЃа	сѓЅсЂёсѓђ	1289		80	-13.4896
сЃЕсѓцсЃі		1289		174	-13.3346
сЃЕсѓдсЃђ		1285		225	-14.5458
сЃЕсЃ│сЃЮ	С╣▒ТГЕ	1291		393	-11.4726
сЃЕсЃ│сѓ│сѓд	Т┐ФУАї	1285		328	-18.6282
сЃЕсѓцсѓисЃДсѓд	ТЮЦуФа	1291		501	-18.1724
сЃЕсѓцсѓИсЃ│сѓ░сѓхсЃ│сЃГсЃЃсѓ»сЃЋсѓДсѓ╣	RSR	1288		421	-14.9278
сЃЕсѓцсѓ╗сѓц	жЏиу▓Й	1285		501	-18.6282
сЃЕсЃ│сЃЎсЃ╝сЃФ		1289		492	-13.3917
сЃЕсѓцсЃЋсЃФ		1285		264	-12.0882
сЃЕсЃгсЃФсЃесѓдсЃІсЃісЃЃ	сѓЅсѓїсѓІсѓѕсЂєсЂФсЂфсЂБ	870	786	17	-10.4638
сЃЕсЃфсЃ╝		1291		421	-12.2971
сЃЕсЃ│сѓйсЃ│	УўГТЮЉ	1289		501	-17.9060
сЃЕсЃќсЃгсЃ╝		1288		204	-14.9836
сЃЕсЃгсЃФсЃѕсѓцсѓд	сѓЅсѓїсѓІсЂесЂёсЂє	870	173	17	-11.3056